country,iso3,region,HealthExpPC.Govt.exch,HealthExpPC.Tot.ppp,HealthExpPC.Govt.ppp,HealthExpPC.Tot.exch,total,govt,private,sex,lifeexp.Birth,lifeexp.At60,smoking.tobacco.current,smoking.tobacco.daily,smoking.cig.current,smoking.cig.daily,Pop.Total,Pop.MedAge,Pop.pCntUnder15,Pop.pCntOver60,Pop.pCntAnnGrowth,consumption.cigPC,hiv_prev15_49
,,,,,,,,,,,,,,,,,,,,,,,
,,,,,,,,,,,,,,,,,,,,,,,
Afghanistan,AFG,EMR,8.72,50.47,7.87,55.93,50.47,7.87,42.6,BTSX,60,16,NA,NA,NA,NA,29825,16.2,47.42,3.82,-2.4,61,0
,,,,,,,,,,,,,,,,,,,,,,,
,,,,,,,,,,,,,,,,,,,,,,,
Afghanistan,AFG,EMR,8.72,50.47,7.87,55.93,50.47,7.87,42.6,MLE,59,15,NA,NA,NA,NA,29825,16.2,47.42,3.82,-2.4,61,0
,,,,,,,,,,,,,,,,,,,,,,,
,,,,,,,,,,,,,,,,,,,,,,,
Afghanistan,AFG,EMR,8.72,50.47,7.87,55.93,50.47,7.87,42.6,FMLE,61,16,NA,NA,NA,NA,29825,16.2,47.42,3.82,-2.4,61,0
,,,,,,,,,,,,,,,,,,,,,,,
,,,,,,,,,,,,,,,,,,,,,,,
Angola,AGO,AFR,114.61,214.58,132.04,186.26,214.58,132.04,82.54,MLE,50,15,NA,NA,NA,NA,20821,16.18,47.58,3.84,-3.1,414,2.1
,,,,,,,,,,,,,,,,,,,,,,,
,,,,,,,,,,,,,,,,,,,,,,,
Angola,AGO,AFR,114.61,214.58,132.04,186.26,214.58,132.04,82.54,BTSX,51,16,NA,NA,NA,NA,20821,16.18,47.58,3.84,-3.1,414,2.1
,,,,,,,,,,,,,,,,,,,,,,,
,,,,,,,,,,,,,,,,,,,,,,,
Angola,AGO,AFR,114.61,214.58,132.04,186.26,214.58,132.04,82.54,FMLE,53,16,NA,NA,NA,NA,20821,16.18,47.58,3.84,-3.1,414,2.1
,,,,,,,,,,,,,,,,,,,,,,,
,,,,,,,,,,,,,,,,,,,,,,,
Albania,ALB,EUR,114.21,565.2,253.49,254.64,565.2,253.49,311.71,BTSX,74,19,40,36,40,36,3162,32.56,21.33,14.93,-0.3,1116,NA
,,,,,,,,,,,,,,,,,,,,,,,
,,,,,,,,,,,,,,,,,,,,,,,
Albania,ALB,EUR,114.21,565.2,253.49,254.64,565.2,253.49,311.71,FMLE,75,20,19,16,19,16,3162,32.56,21.33,14.93,-0.3,1116,NA
,,,,,,,,,,,,,,,,,,,,,,,
,,,,,,,,,,,,,,,,,,,,,,,
Albania,ALB,EUR,114.21,565.2,253.49,254.64,565.2,253.49,311.71,MLE,73,18,60,57,60,57,3162,32.56,21.33,14.93,-0.3,1116,NA
,,,,,,,,,,,,,,,,,,,,,,,
,,,,,,,,,,,,,,,,,,,,,,,
Andorra,AND,EUR,2246.75,3073.26,2257.23,3058.98,3073.26,2257.23,816.03,BTSX,82,25,35,31,35,31,78,NA,15.2,22.86,0,784,NA
,,,,,,,,,,,,,,,,,,,,,,,
,,,,,,,,,,,,,,,,,,,,,,,
Andorra,AND,EUR,2246.75,3073.26,2257.23,3058.98,3073.26,2257.23,816.03,FMLE,85,27,32,29,32,29,78,NA,15.2,22.86,0,784,NA
,,,,,,,,,,,,,,,,,,,,,,,
,,,,,,,,,,,,,,,,,,,,,,,
Andorra,AND,EUR,2246.75,3073.26,2257.23,3058.98,3073.26,2257.23,816.03,MLE,79,23,38,34,38,34,78,NA,15.2,22.86,0,784,NA
,,,,,,,,,,,,,,,,,,,,,,,
,,,,,,,,,,,,,,,,,,,,,,,
United Arab Emirates,ARE,EMR,1219.89,1732.13,1288.52,1639.87,1732.13,1288.52,443.61,FMLE,77,19,2,1,0,0,9206,29.37,14.41,0.81,-3.1,583,NA
,,,,,,,,,,,,,,,,,,,,,,,
,,,,,,,,,,,,,,,,,,,,,,,
United Arab Emirates,ARE,EMR,1219.89,1732.13,1288.52,1639.87,1732.13,1288.52,443.61,MLE,75,18,19,13,15,10,9206,29.37,14.41,0.81,-3.1,583,NA
,,,,,,,,,,,,,,,,,,,,,,,
,,,,,,,,,,,,,,,,,,,,,,,
United Arab Emirates,ARE,EMR,1219.89,1732.13,1288.52,1639.87,1732.13,1288.52,443.61,BTSX,76,19,10,7,8,5,9206,29.37,14.41,0.81,-3.1,583,NA
,,,,,,,,,,,,,,,,,,,,,,,
,,,,,,,,,,,,,,,,,,,,,,,
Argentina,ARG,AMR,540.82,1433.7,869.44,891.8,1433.7,869.44,564.26,FMLE,79,23,22,18,20,16,41087,30.83,24.42,14.97,-0.9,1042,0.4
,,,,,,,,,,,,,,,,,,,,,,,
,,,,,,,,,,,,,,,,,,,,,,,
Argentina,ARG,AMR,540.82,1433.7,869.44,891.8,1433.7,869.44,564.26,BTSX,76,21,27,22,26,20,41087,30.83,24.42,14.97,-0.9,1042,0.4
,,,,,,,,,,,,,,,,,,,,,,,
,,,,,,,,,,,,,,,,,,,,,,,
Argentina,ARG,AMR,540.82,1433.7,869.44,891.8,1433.7,869.44,564.26,MLE,72,19,32,25,31,24,41087,30.83,24.42,14.97,-0.9,1042,0.4
,,,,,,,,,,,,,,,,,,,,,,,
,,,,,,,,,,,,,,,,,,,,,,,
Armenia,ARM,EUR,50.72,249.54,89.44,141.51,249.54,89.44,160.1,FMLE,75,19,2,1,2,1,2969,32.3,20.34,14.06,-0.2,1620,0.2
,,,,,,,,,,,,,,,,,,,,,,,
,,,,,,,,,,,,,,,,,,,,,,,
Armenia,ARM,EUR,50.72,249.54,89.44,141.51,249.54,89.44,160.1,BTSX,71,17,27,23,27,23,2969,32.3,20.34,14.06,-0.2,1620,0.2
,,,,,,,,,,,,,,,,,,,,,,,
,,,,,,,,,,,,,,,,,,,,,,,
Armenia,ARM,EUR,50.72,249.54,89.44,141.51,249.54,89.44,160.1,MLE,67,15,51,45,51,45,2969,32.3,20.34,14.06,-0.2,1620,0.2
,,,,,,,,,,,,,,,,,,,,,,,
,,,,,,,,,,,,,,,,,,,,,,,
Antigua and Barbuda,ATG,AMR,509.85,957.35,652.55,747.99,957.35,652.55,304.8,MLE,73,21,NA,NA,NA,NA,89,30.26,25.96,12.35,-1.1,375,NA
,,,,,,,,,,,,,,,,,,,,,,,
,,,,,,,,,,,,,,,,,,,,,,,
Antigua and Barbuda,ATG,AMR,509.85,957.35,652.55,747.99,957.35,652.55,304.8,BTSX,75,22,NA,NA,NA,NA,89,30.26,25.96,12.35,-1.1,375,NA
,,,,,,,,,,,,,,,,,,,,,,,
,,,,,,,,,,,,,,,,,,,,,,,
Antigua and Barbuda,ATG,AMR,509.85,957.35,652.55,747.99,957.35,652.55,304.8,FMLE,76,23,NA,NA,NA,NA,89,30.26,25.96,12.35,-1.1,375,NA
,,,,,,,,,,,,,,,,,,,,,,,
,,,,,,,,,,,,,,,,,,,,,,,
Australia,AUS,WPR,4068.82,3691.55,2529.24,5938.65,3691.55,2529.24,1162.31,BTSX,82,25,21,17,20,17,23050,37.08,18.95,19.46,-1.3,1034,0.2
,,,,,,,,,,,,,,,,,,,,,,,
,,,,,,,,,,,,,,,,,,,,,,,
Australia,AUS,WPR,4068.82,3691.55,2529.24,5938.65,3691.55,2529.24,1162.31,MLE,80,23,22,19,22,19,23050,37.08,18.95,19.46,-1.3,1034,0.2
,,,,,,,,,,,,,,,,,,,,,,,
,,,,,,,,,,,,,,,,,,,,,,,
Australia,AUS,WPR,4068.82,3691.55,2529.24,5938.65,3691.55,2529.24,1162.31,FMLE,84,26,19,16,19,16,23050,37.08,18.95,19.46,-1.3,1034,0.2
,,,,,,,,,,,,,,,,,,,,,,,
,,,,,,,,,,,,,,,,,,,,,,,
Austria,AUT,EUR,3991.61,4481.58,3387.76,5280.4,4481.58,3387.76,1093.82,BTSX,81,24,46,44,46,44,8464,42.4,14.51,23.52,-0.4,1650,0.4
,,,,,,,,,,,,,,,,,,,,,,,
,,,,,,,,,,,,,,,,,,,,,,,
Austria,AUT,EUR,3991.61,4481.58,3387.76,5280.4,4481.58,3387.76,1093.82,MLE,78,22,47,42,47,42,8464,42.4,14.51,23.52,-0.4,1650,0.4
,,,,,,,,,,,,,,,,,,,,,,,
,,,,,,,,,,,,,,,,,,,,,,,
Austria,AUT,EUR,3991.61,4481.58,3387.76,5280.4,4481.58,3387.76,1093.82,FMLE,84,26,45,45,45,45,8464,42.4,14.51,23.52,-0.4,1650,0.4
,,,,,,,,,,,,,,,,,,,,,,,
,,,,,,,,,,,,,,,,,,,,,,,
Azerbaijan,AZE,EUR,76.61,523.13,112.28,356.92,523.13,112.28,410.85,MLE,69,17,41,36,41,36,9309,29.34,22.25,8.24,-1.2,1877,0.1
,,,,,,,,,,,,,,,,,,,,,,,
,,,,,,,,,,,,,,,,,,,,,,,
Azerbaijan,AZE,EUR,76.61,523.13,112.28,356.92,523.13,112.28,410.85,BTSX,71,19,NA,NA,NA,NA,9309,29.34,22.25,8.24,-1.2,1877,0.1
,,,,,,,,,,,,,,,,,,,,,,,
,,,,,,,,,,,,,,,,,,,,,,,
Azerbaijan,AZE,EUR,76.61,523.13,112.28,356.92,523.13,112.28,410.85,FMLE,74,20,NA,NA,NA,NA,9309,29.34,22.25,8.24,-1.2,1877,0.1
,,,,,,,,,,,,,,,,,,,,,,,
,,,,,,,,,,,,,,,,,,,,,,,
Burundi,BDI,AFR,7.63,52.38,17.1,23.37,52.38,17.1,35.28,BTSX,53,16,NA,NA,NA,NA,9850,17.64,44.2,3.87,-3.2,137,1.3
,,,,,,,,,,,,,,,,,,,,,,,
,,,,,,,,,,,,,,,,,,,,,,,
Burundi,BDI,AFR,7.63,52.38,17.1,23.37,52.38,17.1,35.28,FMLE,54,16,NA,NA,NA,NA,9850,17.64,44.2,3.87,-3.2,137,1.3
,,,,,,,,,,,,,,,,,,,,,,,
,,,,,,,,,,,,,,,,,,,,,,,
Burundi,BDI,AFR,7.63,52.38,17.1,23.37,52.38,17.1,35.28,MLE,52,15,NA,NA,NA,NA,9850,17.64,44.2,3.87,-3.2,137,1.3
,,,,,,,,,,,,,,,,,,,,,,,
,,,,,,,,,,,,,,,,,,,,,,,
Belgium,BEL,EUR,3768.75,4118.98,3128.16,4962.48,4118.98,3128.16,990.82,BTSX,80,24,26,21,26,20,11060,41.41,16.88,23.81,-0.5,1455,0.3
,,,,,,,,,,,,,,,,,,,,,,,
,,,,,,,,,,,,,,,,,,,,,,,
Belgium,BEL,EUR,3768.75,4118.98,3128.16,4962.48,4118.98,3128.16,990.82,FMLE,83,25,22,19,22,18,11060,41.41,16.88,23.81,-0.5,1455,0.3
,,,,,,,,,,,,,,,,,,,,,,,
,,,,,,,,,,,,,,,,,,,,,,,
Belgium,BEL,EUR,3768.75,4118.98,3128.16,4962.48,4118.98,3128.16,990.82,MLE,78,22,30,24,30,22,11060,41.41,16.88,23.81,-0.5,1455,0.3
,,,,,,,,,,,,,,,,,,,,,,,
,,,,,,,,,,,,,,,,,,,,,,,
Benin,BEN,AFR,19.55,74.53,39.69,36.7,74.53,39.69,34.84,BTSX,57,16,8,6,6,4,10051,18.3,42.95,4.54,-2.7,71,1.2
,,,,,,,,,,,,,,,,,,,,,,,
,,,,,,,,,,,,,,,,,,,,,,,
Benin,BEN,AFR,19.55,74.53,39.69,36.7,74.53,39.69,34.84,MLE,56,16,15,12,11,8,10051,18.3,42.95,4.54,-2.7,71,1.2
,,,,,,,,,,,,,,,,,,,,,,,
,,,,,,,,,,,,,,,,,,,,,,,
Benin,BEN,AFR,19.55,74.53,39.69,36.7,74.53,39.69,34.84,FMLE,59,17,1,0,0,0,10051,18.3,42.95,4.54,-2.7,71,1.2
,,,,,,,,,,,,,,,,,,,,,,,
,,,,,,,,,,,,,,,,,,,,,,,
Burkina Faso,BFA,AFR,18.7,81.15,40.79,37.21,81.15,40.79,40.36,FMLE,57,15,8,8,0,0,16460,17.01,45.66,3.88,-2.9,109,1.1
,,,,,,,,,,,,,,,,,,,,,,,
,,,,,,,,,,,,,,,,,,,,,,,
Burkina Faso,BFA,AFR,18.7,81.15,40.79,37.21,81.15,40.79,40.36,BTSX,56,15,13,12,7,5,16460,17.01,45.66,3.88,-2.9,109,1.1
,,,,,,,,,,,,,,,,,,,,,,,
,,,,,,,,,,,,,,,,,,,,,,,
Burkina Faso,BFA,AFR,18.7,81.15,40.79,37.21,81.15,40.79,40.36,MLE,54,14,18,16,13,10,16460,17.01,45.66,3.88,-2.9,109,1.1
,,,,,,,,,,,,,,,,,,,,,,,
,,,,,,,,,,,,,,,,,,,,,,,
Bangladesh,BGD,SEAR,9.71,67.27,24.61,26.54,67.27,24.61,42.66,FMLE,70,18,2,2,0,0,155000,24.7,30.57,6.89,-1.3,154,0
,,,,,,,,,,,,,,,,,,,,,,,
,,,,,,,,,,,,,,,,,,,,,,,
Bangladesh,BGD,SEAR,9.71,67.27,24.61,26.54,67.27,24.61,42.66,BTSX,70,18,24,22,14,12,155000,24.7,30.57,6.89,-1.3,154,0
,,,,,,,,,,,,,,,,,,,,,,,
,,,,,,,,,,,,,,,,,,,,,,,
Bangladesh,BGD,SEAR,9.71,67.27,24.61,26.54,67.27,24.61,42.66,MLE,69,18,46,42,28,24,155000,24.7,30.57,6.89,-1.3,154,0
,,,,,,,,,,,,,,,,,,,,,,,
,,,,,,,,,,,,,,,,,,,,,,,
Bulgaria,BGR,EUR,288.47,1063.99,588.51,521.53,1063.99,588.51,475.48,FMLE,78,22,27,22,27,22,7278,42.84,13.53,26.11,0.8,2822,0.1
,,,,,,,,,,,,,,,,,,,,,,,
,,,,,,,,,,,,,,,,,,,,,,,
Bulgaria,BGR,EUR,288.47,1063.99,588.51,521.53,1063.99,588.51,475.48,MLE,71,17,48,42,48,42,7278,42.84,13.53,26.11,0.8,2822,0.1
,,,,,,,,,,,,,,,,,,,,,,,
,,,,,,,,,,,,,,,,,,,,,,,
Bulgaria,BGR,EUR,288.47,1063.99,588.51,521.53,1063.99,588.51,475.48,BTSX,74,20,37,32,37,32,7278,42.84,13.53,26.11,0.8,2822,0.1
,,,,,,,,,,,,,,,,,,,,,,,
,,,,,,,,,,,,,,,,,,,,,,,
Bahrain,BHR,EMR,525.41,825.62,586.44,739.71,825.62,586.44,239.18,BTSX,79,22,21,19,18,15,1318,30.07,20.16,3.38,-1.9,661,NA
,,,,,,,,,,,,,,,,,,,,,,,
,,,,,,,,,,,,,,,,,,,,,,,
Bahrain,BHR,EMR,525.41,825.62,586.44,739.71,825.62,586.44,239.18,FMLE,80,23,8,7,7,6,1318,30.07,20.16,3.38,-1.9,661,NA
,,,,,,,,,,,,,,,,,,,,,,,
,,,,,,,,,,,,,,,,,,,,,,,
Bahrain,BHR,EMR,525.41,825.62,586.44,739.71,825.62,586.44,239.18,MLE,78,21,34,30,29,23,1318,30.07,20.16,3.38,-1.9,661,NA
,,,,,,,,,,,,,,,,,,,,,,,
,,,,,,,,,,,,,,,,,,,,,,,
Bahamas,BHS,AMR,806.06,2473.18,1157.01,1722.99,2473.18,1157.01,1316.17,FMLE,78,24,NA,NA,NA,NA,372,31.54,21.62,11.24,-1.6,288,2.8
,,,,,,,,,,,,,,,,,,,,,,,
,,,,,,,,,,,,,,,,,,,,,,,
Bahamas,BHS,AMR,806.06,2473.18,1157.01,1722.99,2473.18,1157.01,1316.17,BTSX,75,22,NA,NA,NA,NA,372,31.54,21.62,11.24,-1.6,288,2.8
,,,,,,,,,,,,,,,,,,,,,,,
,,,,,,,,,,,,,,,,,,,,,,,
Bahamas,BHS,AMR,806.06,2473.18,1157.01,1722.99,2473.18,1157.01,1316.17,MLE,72,21,NA,NA,NA,NA,372,31.54,21.62,11.24,-1.6,288,2.8
,,,,,,,,,,,,,,,,,,,,,,,
,,,,,,,,,,,,,,,,,,,,,,,
Bosnia and Herzegovina,BIH,EUR,335.2,928.78,631.98,492.61,928.78,631.98,296.8,BTSX,76,20,41,37,41,37,3834,39.23,16.35,20.52,0.1,2278,NA
,,,,,,,,,,,,,,,,,,,,,,,
,,,,,,,,,,,,,,,,,,,,,,,
Bosnia and Herzegovina,BIH,EUR,335.2,928.78,631.98,492.61,928.78,631.98,296.8,FMLE,78,21,36,32,36,32,3834,39.23,16.35,20.52,0.1,2278,NA
,,,,,,,,,,,,,,,,,,,,,,,
,,,,,,,,,,,,,,,,,,,,,,,
Bosnia and Herzegovina,BIH,EUR,335.2,928.78,631.98,492.61,928.78,631.98,296.8,MLE,74,19,47,43,47,43,3834,39.23,16.35,20.52,0.1,2278,NA
,,,,,,,,,,,,,,,,,,,,,,,
,,,,,,,,,,,,,,,,,,,,,,,
Belarus,BLR,EUR,216.99,793.46,560.73,307.05,793.46,560.73,232.73,BTSX,71,18,29,25,29,25,9405,39.15,15.1,19.31,0.5,2266,0.4
,,,,,,,,,,,,,,,,,,,,,,,
,,,,,,,,,,,,,,,,,,,,,,,
Belarus,BLR,EUR,216.99,793.46,560.73,307.05,793.46,560.73,232.73,MLE,66,14,49,43,49,43,9405,39.15,15.1,19.31,0.5,2266,0.4
,,,,,,,,,,,,,,,,,,,,,,,
,,,,,,,,,,,,,,,,,,,,,,,
Belarus,BLR,EUR,216.99,793.46,560.73,307.05,793.46,560.73,232.73,FMLE,77,21,9,6,9,6,9405,39.15,15.1,19.31,0.5,2266,0.4
,,,,,,,,,,,,,,,,,,,,,,,
,,,,,,,,,,,,,,,,,,,,,,,
Belize,BLZ,AMR,174.25,426.36,283.39,262.17,426.36,283.39,142.97,FMLE,76,22,3,0,3,0,324,22.69,34.4,5.74,-2.5,367,2.3
,,,,,,,,,,,,,,,,,,,,,,,
,,,,,,,,,,,,,,,,,,,,,,,
Belize,BLZ,AMR,174.25,426.36,283.39,262.17,426.36,283.39,142.97,BTSX,74,21,13,4,13,4,324,22.69,34.4,5.74,-2.5,367,2.3
,,,,,,,,,,,,,,,,,,,,,,,
,,,,,,,,,,,,,,,,,,,,,,,
Belize,BLZ,AMR,174.25,426.36,283.39,262.17,426.36,283.39,142.97,MLE,71,20,23,8,23,8,324,22.69,34.4,5.74,-2.5,367,2.3
,,,,,,,,,,,,,,,,,,,,,,,
,,,,,,,,,,,,,,,,,,,,,,,
Bolivia,BOL,AMR,83.6,250.26,177.12,118.12,250.26,177.12,73.14,BTSX,67,18,30,6,30,6,10496,22.14,35.23,7.28,-1.7,179,0.3
,,,,,,,,,,,,,,,,,,,,,,,
,,,,,,,,,,,,,,,,,,,,,,,
Bolivia,BOL,AMR,83.6,250.26,177.12,118.12,250.26,177.12,73.14,FMLE,69,19,18,5,18,5,10496,22.14,35.23,7.28,-1.7,179,0.3
,,,,,,,,,,,,,,,,,,,,,,,
,,,,,,,,,,,,,,,,,,,,,,,
Bolivia,BOL,AMR,83.6,250.26,177.12,118.12,250.26,177.12,73.14,MLE,65,17,42,6,42,6,10496,22.14,35.23,7.28,-1.7,179,0.3
,,,,,,,,,,,,,,,,,,,,,,,
,,,,,,,,,,,,,,,,,,,,,,,
Brazil,BRA,AMR,512.58,1042.73,476.98,1120.56,1042.73,476.98,565.75,FMLE,78,23,13,11,13,11,199000,29.89,24.56,10.81,-1,504,0.3
,,,,,,,,,,,,,,,,,,,,,,,
,,,,,,,,,,,,,,,,,,,,,,,
Brazil,BRA,AMR,512.58,1042.73,476.98,1120.56,1042.73,476.98,565.75,MLE,71,19,22,19,21,18,199000,29.89,24.56,10.81,-1,504,0.3
,,,,,,,,,,,,,,,,,,,,,,,
,,,,,,,,,,,,,,,,,,,,,,,
Brazil,BRA,AMR,512.58,1042.73,476.98,1120.56,1042.73,476.98,565.75,BTSX,74,21,17,15,17,15,199000,29.89,24.56,10.81,-1,504,0.3
,,,,,,,,,,,,,,,,,,,,,,,
,,,,,,,,,,,,,,,,,,,,,,,
Barbados,BRB,AMR,659.92,1600.32,1024.6,1030.72,1600.32,1024.6,575.72,MLE,75,21,13,9,13,9,283,36.68,18.99,15.78,-0.4,344,0.9
,,,,,,,,,,,,,,,,,,,,,,,
,,,,,,,,,,,,,,,,,,,,,,,
Barbados,BRB,AMR,659.92,1600.32,1024.6,1030.72,1600.32,1024.6,575.72,BTSX,78,23,7,5,7,5,283,36.68,18.99,15.78,-0.4,344,0.9
,,,,,,,,,,,,,,,,,,,,,,,
,,,,,,,,,,,,,,,,,,,,,,,
Barbados,BRB,AMR,659.92,1600.32,1024.6,1030.72,1600.32,1024.6,575.72,FMLE,80,25,1,0,1,0,283,36.68,18.99,15.78,-0.4,344,0.9
,,,,,,,,,,,,,,,,,,,,,,,
,,,,,,,,,,,,,,,,,,,,,,,
Brunei Darussalam,BRN,WPR,844.9,1295.46,1101.79,993.42,1295.46,1101.79,193.67,BTSX,77,21,18,13,15,10,412,30.14,25.75,7.03,-1.2,751,NA
,,,,,,,,,,,,,,,,,,,,,,,
,,,,,,,,,,,,,,,,,,,,,,,
Brunei Darussalam,BRN,WPR,844.9,1295.46,1101.79,993.42,1295.46,1101.79,193.67,FMLE,78,21,4,3,3,2,412,30.14,25.75,7.03,-1.2,751,NA
,,,,,,,,,,,,,,,,,,,,,,,
,,,,,,,,,,,,,,,,,,,,,,,
Brunei Darussalam,BRN,WPR,844.9,1295.46,1101.79,993.42,1295.46,1101.79,193.67,MLE,76,20,32,22,27,18,412,30.14,25.75,7.03,-1.2,751,NA
,,,,,,,,,,,,,,,,,,,,,,,
,,,,,,,,,,,,,,,,,,,,,,,
Bhutan,BTN,SEAR,78.01,236.22,198.13,93.01,236.22,198.13,38.09,MLE,66,18,NA,NA,NA,NA,742,25.29,28.53,6.9,-1.8,120,0.3
,,,,,,,,,,,,,,,,,,,,,,,
,,,,,,,,,,,,,,,,,,,,,,,
Bhutan,BTN,SEAR,78.01,236.22,198.13,93.01,236.22,198.13,38.09,FMLE,69,19,NA,NA,NA,NA,742,25.29,28.53,6.9,-1.8,120,0.3
,,,,,,,,,,,,,,,,,,,,,,,
,,,,,,,,,,,,,,,,,,,,,,,
Bhutan,BTN,SEAR,78.01,236.22,198.13,93.01,236.22,198.13,38.09,BTSX,67,18,NA,NA,NA,NA,742,25.29,28.53,6.9,-1.8,120,0.3
,,,,,,,,,,,,,,,,,,,,,,,
,,,,,,,,,,,,,,,,,,,,,,,
Botswana,BWA,AFR,262.64,734.06,446.37,431.91,734.06,446.37,287.69,FMLE,67,18,NA,NA,2,0,2004,22.33,33.75,5.63,-0.9,336,23.4
,,,,,,,,,,,,,,,,,,,,,,,
,,,,,,,,,,,,,,,,,,,,,,,
Botswana,BWA,AFR,262.64,734.06,446.37,431.91,734.06,446.37,287.69,BTSX,66,17,NA,NA,11,8,2004,22.33,33.75,5.63,-0.9,336,23.4
,,,,,,,,,,,,,,,,,,,,,,,
,,,,,,,,,,,,,,,,,,,,,,,
Botswana,BWA,AFR,262.64,734.06,446.37,431.91,734.06,446.37,287.69,MLE,64,16,NA,NA,20,15,2004,22.33,33.75,5.63,-0.9,336,23.4
,,,,,,,,,,,,,,,,,,,,,,,
,,,,,,,,,,,,,,,,,,,,,,,
Central African Republic,CAF,AFR,9.49,30.9,16.05,18.28,30.9,16.05,14.85,BTSX,48,16,NA,NA,NA,NA,4525,19.59,40.07,5.74,-2,102,4.6
,,,,,,,,,,,,,,,,,,,,,,,
,,,,,,,,,,,,,,,,,,,,,,,
Central African Republic,CAF,AFR,9.49,30.9,16.05,18.28,30.9,16.05,14.85,FMLE,50,16,NA,NA,NA,NA,4525,19.59,40.07,5.74,-2,102,4.6
,,,,,,,,,,,,,,,,,,,,,,,
,,,,,,,,,,,,,,,,,,,,,,,
Central African Republic,CAF,AFR,9.49,30.9,16.05,18.28,30.9,16.05,14.85,MLE,47,15,NA,NA,NA,NA,4525,19.59,40.07,5.74,-2,102,4.6
,,,,,,,,,,,,,,,,,,,,,,,
,,,,,,,,,,,,,,,,,,,,,,,
Canada,CAN,AMR,3964.06,4519.96,3182.64,5629.73,4519.96,3182.64,1337.32,MLE,80,23,24,15,19,15,34838,39.99,16.37,20.82,-1,809,0.3
,,,,,,,,,,,,,,,,,,,,,,,
,,,,,,,,,,,,,,,,,,,,,,,
Canada,CAN,AMR,3964.06,4519.96,3182.64,5629.73,4519.96,3182.64,1337.32,BTSX,82,25,20,14,17,14,34838,39.99,16.37,20.82,-1,809,0.3
,,,,,,,,,,,,,,,,,,,,,,,
,,,,,,,,,,,,,,,,,,,,,,,
Canada,CAN,AMR,3964.06,4519.96,3182.64,5629.73,4519.96,3182.64,1337.32,FMLE,84,26,17,12,16,12,34838,39.99,16.37,20.82,-1,809,0.3
,,,,,,,,,,,,,,,,,,,,,,,
,,,,,,,,,,,,,,,,,,,,,,,
Switzerland,CHE,EUR,5966.48,5564.25,3639.92,9120.81,5564.25,3639.92,1924.33,BTSX,83,25,26,19,26,19,7997,41.85,14.79,23.25,-1,1722,0.4
,,,,,,,,,,,,,,,,,,,,,,,
,,,,,,,,,,,,,,,,,,,,,,,
Switzerland,CHE,EUR,5966.48,5564.25,3639.92,9120.81,5564.25,3639.92,1924.33,FMLE,85,27,21,15,21,15,7997,41.85,14.79,23.25,-1,1722,0.4
,,,,,,,,,,,,,,,,,,,,,,,
,,,,,,,,,,,,,,,,,,,,,,,
Switzerland,CHE,EUR,5966.48,5564.25,3639.92,9120.81,5564.25,3639.92,1924.33,MLE,80,23,31,23,31,23,7997,41.85,14.79,23.25,-1,1722,0.4
,,,,,,,,,,,,,,,,,,,,,,,
,,,,,,,,,,,,,,,,,,,,,,,
Chile,CHL,AMR,504.53,1292.2,606.74,1074.52,1292.2,606.74,685.46,MLE,76,21,38,36,37,35,17465,32.76,21.38,13.8,-0.9,860,0.5
,,,,,,,,,,,,,,,,,,,,,,,
,,,,,,,,,,,,,,,,,,,,,,,
Chile,CHL,AMR,504.53,1292.2,606.74,1074.52,1292.2,606.74,685.46,FMLE,82,25,33,33,30,29,17465,32.76,21.38,13.8,-0.9,860,0.5
,,,,,,,,,,,,,,,,,,,,,,,
,,,,,,,,,,,,,,,,,,,,,,,
Chile,CHL,AMR,504.53,1292.2,606.74,1074.52,1292.2,606.74,685.46,BTSX,79,23,35,34,34,32,17465,32.76,21.38,13.8,-0.9,860,0.5
,,,,,,,,,,,,,,,,,,,,,,,
,,,,,,,,,,,,,,,,,,,,,,,
China,CHN,WPR,155.39,432.28,241.6,278.02,432.28,241.6,190.68,BTSX,76,20,27,23,26,22,1390000,35.12,17.95,13.42,-0.7,1711,0
,,,,,,,,,,,,,,,,,,,,,,,
,,,,,,,,,,,,,,,,,,,,,,,
China,CHN,WPR,155.39,432.28,241.6,278.02,432.28,241.6,190.68,MLE,74,19,51,44,50,43,1390000,35.12,17.95,13.42,-0.7,1711,0
,,,,,,,,,,,,,,,,,,,,,,,
,,,,,,,,,,,,,,,,,,,,,,,
China,CHN,WPR,155.39,432.28,241.6,278.02,432.28,241.6,190.68,FMLE,77,21,2,2,2,2,1390000,35.12,17.95,13.42,-0.7,1711,0
,,,,,,,,,,,,,,,,,,,,,,,
,,,,,,,,,,,,,,,,,,,,,,,
Côte d'Ivoire,CIV,AFR,21.14,119.89,31.91,79.43,119.89,31.91,87.98,FMLE,58,17,4,3,0,0,19840,18.96,41.48,5.1,-2.3,148,3
,,,,,,,,,,,,,,,,,,,,,,,
,,,,,,,,,,,,,,,,,,,,,,,
Côte d'Ivoire,CIV,AFR,21.14,119.89,31.91,79.43,119.89,31.91,87.98,BTSX,56,17,10,9,7,5,19840,18.96,41.48,5.1,-2.3,148,3
,,,,,,,,,,,,,,,,,,,,,,,
,,,,,,,,,,,,,,,,,,,,,,,
Côte d'Ivoire,CIV,AFR,21.14,119.89,31.91,79.43,119.89,31.91,87.98,MLE,55,16,17,14,13,10,19840,18.96,41.48,5.1,-2.3,148,3
,,,,,,,,,,,,,,,,,,,,,,,
,,,,,,,,,,,,,,,,,,,,,,,
Cameroon,CMR,AFR,21.23,127.92,39.79,68.24,127.92,39.79,88.13,BTSX,53,16,8,6,6,5,21700,18.18,43.08,4.89,-2.5,93,4.6
,,,,,,,,,,,,,,,,,,,,,,,
,,,,,,,,,,,,,,,,,,,,,,,
Cameroon,CMR,AFR,21.23,127.92,39.79,68.24,127.92,39.79,88.13,MLE,51,15,14,11,11,9,21700,18.18,43.08,4.89,-2.5,93,4.6
,,,,,,,,,,,,,,,,,,,,,,,
,,,,,,,,,,,,,,,,,,,,,,,
Cameroon,CMR,AFR,21.23,127.92,39.79,68.24,127.92,39.79,88.13,FMLE,54,17,2,1,0,0,21700,18.18,43.08,4.89,-2.5,93,4.6
,,,,,,,,,,,,,,,,,,,,,,,
,,,,,,,,,,,,,,,,,,,,,,,
DR Congo,COD,AFR,6.66,32.09,10.83,19.73,32.09,10.83,21.26,FMLE,51,16,2,1,0,0,65705,17.27,45.11,4.51,-2.7,105,NA
,,,,,,,,,,,,,,,,,,,,,,,
,,,,,,,,,,,,,,,,,,,,,,,
DR Congo,COD,AFR,6.66,32.09,10.83,19.73,32.09,10.83,21.26,MLE,48,15,10,8,9,6,65705,17.27,45.11,4.51,-2.7,105,NA
,,,,,,,,,,,,,,,,,,,,,,,
,,,,,,,,,,,,,,,,,,,,,,,
DR Congo,COD,AFR,6.66,32.09,10.83,19.73,32.09,10.83,21.26,BTSX,49,15,6,5,5,3,65705,17.27,45.11,4.51,-2.7,105,NA
,,,,,,,,,,,,,,,,,,,,,,,
,,,,,,,,,,,,,,,,,,,,,,,
Congo,COG,AFR,58.7,108.64,72.99,87.38,108.64,72.99,35.65,MLE,57,16,10,7,8,6,4337,18.81,42.37,5.13,-2.6,NA,3.3
,,,,,,,,,,,,,,,,,,,,,,,
,,,,,,,,,,,,,,,,,,,,,,,
Congo,COG,AFR,58.7,108.64,72.99,87.38,108.64,72.99,35.65,FMLE,59,18,0,0,0,0,4337,18.81,42.37,5.13,-2.6,NA,3.3
,,,,,,,,,,,,,,,,,,,,,,,
,,,,,,,,,,,,,,,,,,,,,,,
Congo,COG,AFR,58.7,108.64,72.99,87.38,108.64,72.99,35.65,BTSX,58,17,5,4,4,3,4337,18.81,42.37,5.13,-2.6,NA,3.3
,,,,,,,,,,,,,,,,,,,,,,,
,,,,,,,,,,,,,,,,,,,,,,,
Cook Islands,COK,WPR,568.17,495.23,458.1,614.22,495.23,458.1,37.13,BTSX,77,23,37,33,37,33,21,NA,30.61,9.07,-4.9,NA,NA
,,,,,,,,,,,,,,,,,,,,,,,
,,,,,,,,,,,,,,,,,,,,,,,
Cook Islands,COK,WPR,568.17,495.23,458.1,614.22,495.23,458.1,37.13,MLE,73,19,43,37,43,37,21,NA,30.61,9.07,-4.9,NA,NA
,,,,,,,,,,,,,,,,,,,,,,,
,,,,,,,,,,,,,,,,,,,,,,,
Cook Islands,COK,WPR,568.17,495.23,458.1,614.22,495.23,458.1,37.13,FMLE,82,26,31,28,31,28,21,NA,30.61,9.07,-4.9,NA,NA
,,,,,,,,,,,,,,,,,,,,,,,
,,,,,,,,,,,,,,,,,,,,,,,
Colombia,COL,AMR,323.31,617.89,462.48,431.95,617.89,462.48,155.41,MLE,74,23,NA,NA,NA,NA,47704,27.4,28.03,9.19,-1.3,412,0.5
,,,,,,,,,,,,,,,,,,,,,,,
,,,,,,,,,,,,,,,,,,,,,,,
Colombia,COL,AMR,323.31,617.89,462.48,431.95,617.89,462.48,155.41,BTSX,78,24,NA,NA,NA,NA,47704,27.4,28.03,9.19,-1.3,412,0.5
,,,,,,,,,,,,,,,,,,,,,,,
,,,,,,,,,,,,,,,,,,,,,,,
Colombia,COL,AMR,323.31,617.89,462.48,431.95,617.89,462.48,155.41,FMLE,81,25,NA,NA,NA,NA,47704,27.4,28.03,9.19,-1.3,412,0.5
,,,,,,,,,,,,,,,,,,,,,,,
,,,,,,,,,,,,,,,,,,,,,,,
Comoros,COM,AFR,24.6,58.76,33.98,42.55,58.76,33.98,24.78,FMLE,63,17,9,8,4,2,718,19.08,42.17,4.5,-2.5,583,0
,,,,,,,,,,,,,,,,,,,,,,,
,,,,,,,,,,,,,,,,,,,,,,,
Comoros,COM,AFR,24.6,58.76,33.98,42.55,58.76,33.98,24.78,BTSX,62,16,17,14,11,9,718,19.08,42.17,4.5,-2.5,583,0
,,,,,,,,,,,,,,,,,,,,,,,
,,,,,,,,,,,,,,,,,,,,,,,
Comoros,COM,AFR,24.6,58.76,33.98,42.55,58.76,33.98,24.78,MLE,60,15,24,19,19,15,718,19.08,42.17,4.5,-2.5,583,0
,,,,,,,,,,,,,,,,,,,,,,,
,,,,,,,,,,,,,,,,,,,,,,,
Cape Verde,CPV,AFR,118.63,171.69,128.9,158,171.69,128.9,42.79,BTSX,72,19,8,6,5,4,494,23.71,30.17,7.05,-0.6,339,1
,,,,,,,,,,,,,,,,,,,,,,,
,,,,,,,,,,,,,,,,,,,,,,,
Cape Verde,CPV,AFR,118.63,171.69,128.9,158,171.69,128.9,42.79,MLE,68,18,14,10,10,7,494,23.71,30.17,7.05,-0.6,339,1
,,,,,,,,,,,,,,,,,,,,,,,
,,,,,,,,,,,,,,,,,,,,,,,
Cape Verde,CPV,AFR,118.63,171.69,128.9,158,171.69,128.9,42.79,FMLE,76,21,3,3,0,0,494,23.71,30.17,7.05,-0.6,339,1
,,,,,,,,,,,,,,,,,,,,,,,
,,,,,,,,,,,,,,,,,,,,,,,
Costa Rica,CRI,AMR,660.89,1329.81,932.11,942.87,1329.81,932.11,397.7,FMLE,81,25,8,3,8,3,4805,29.29,23.94,10.15,-1.4,529,0.3
,,,,,,,,,,,,,,,,,,,,,,,
,,,,,,,,,,,,,,,,,,,,,,,
Costa Rica,CRI,AMR,660.89,1329.81,932.11,942.87,1329.81,932.11,397.7,BTSX,79,23,16,6,16,6,4805,29.29,23.94,10.15,-1.4,529,0.3
,,,,,,,,,,,,,,,,,,,,,,,
,,,,,,,,,,,,,,,,,,,,,,,
Costa Rica,CRI,AMR,660.89,1329.81,932.11,942.87,1329.81,932.11,397.7,MLE,77,22,24,10,24,10,4805,29.29,23.94,10.15,-1.4,529,0.3
,,,,,,,,,,,,,,,,,,,,,,,
,,,,,,,,,,,,,,,,,,,,,,,
Cuba,CUB,AMR,573.84,429.84,406.98,606.08,429.84,406.98,22.86,FMLE,80,23,NA,NA,NA,NA,11271,39.57,16.58,17.95,0,1261,0.2
,,,,,,,,,,,,,,,,,,,,,,,
,,,,,,,,,,,,,,,,,,,,,,,
Cuba,CUB,AMR,573.84,429.84,406.98,606.08,429.84,406.98,22.86,BTSX,78,22,NA,NA,NA,NA,11271,39.57,16.58,17.95,0,1261,0.2
,,,,,,,,,,,,,,,,,,,,,,,
,,,,,,,,,,,,,,,,,,,,,,,
Cuba,CUB,AMR,573.84,429.84,406.98,606.08,429.84,406.98,22.86,MLE,76,21,NA,NA,NA,NA,11271,39.57,16.58,17.95,0,1261,0.2
,,,,,,,,,,,,,,,,,,,,,,,
,,,,,,,,,,,,,,,,,,,,,,,
Cyprus,CYP,EUR,918.62,2221.09,960.97,2123.19,2221.09,960.97,1260.12,BTSX,81,24,NA,NA,NA,NA,1129,34.88,17.16,16.92,-1.1,1620,NA
,,,,,,,,,,,,,,,,,,,,,,,
,,,,,,,,,,,,,,,,,,,,,,,
Cyprus,CYP,EUR,918.62,2221.09,960.97,2123.19,2221.09,960.97,1260.12,MLE,79,23,NA,NA,NA,NA,1129,34.88,17.16,16.92,-1.1,1620,NA
,,,,,,,,,,,,,,,,,,,,,,,
,,,,,,,,,,,,,,,,,,,,,,,
Cyprus,CYP,EUR,918.62,2221.09,960.97,2123.19,2221.09,960.97,1260.12,FMLE,84,25,NA,NA,NA,NA,1129,34.88,17.16,16.92,-1.1,1620,NA
,,,,,,,,,,,,,,,,,,,,,,,
,,,,,,,,,,,,,,,,,,,,,,,
Czech Republic,CZE,EUR,1258.35,1922.85,1605.69,1506.91,1922.85,1605.69,317.16,FMLE,81,23,31,21,23,20,10660,40.07,14.56,23.23,-0.5,2125,0
,,,,,,,,,,,,,,,,,,,,,,,
,,,,,,,,,,,,,,,,,,,,,,,
Czech Republic,CZE,EUR,1258.35,1922.85,1605.69,1506.91,1922.85,1605.69,317.16,BTSX,78,22,37,27,29,26,10660,40.07,14.56,23.23,-0.5,2125,0
,,,,,,,,,,,,,,,,,,,,,,,
,,,,,,,,,,,,,,,,,,,,,,,
Czech Republic,CZE,EUR,1258.35,1922.85,1605.69,1506.91,1922.85,1605.69,317.16,MLE,75,19,43,33,36,32,10660,40.07,14.56,23.23,-0.5,2125,0
,,,,,,,,,,,,,,,,,,,,,,,
,,,,,,,,,,,,,,,,,,,,,,,
Germany,DEU,EUR,3697.89,4371.42,3315.91,4874.99,4371.42,3315.91,1055.51,BTSX,81,24,29,25,29,25,82800,45.09,13.17,26.72,0.1,1045,0.2
,,,,,,,,,,,,,,,,,,,,,,,
,,,,,,,,,,,,,,,,,,,,,,,
Germany,DEU,EUR,3697.89,4371.42,3315.91,4874.99,4371.42,3315.91,1055.51,FMLE,83,25,25,21,25,21,82800,45.09,13.17,26.72,0.1,1045,0.2
,,,,,,,,,,,,,,,,,,,,,,,
,,,,,,,,,,,,,,,,,,,,,,,
Germany,DEU,EUR,3697.89,4371.42,3315.91,4874.99,4371.42,3315.91,1055.51,MLE,78,22,33,29,33,29,82800,45.09,13.17,26.72,0.1,1045,0.2
,,,,,,,,,,,,,,,,,,,,,,,
,,,,,,,,,,,,,,,,,,,,,,,
Djibouti,DJI,EMR,71.63,193.32,131.63,105.2,193.32,131.63,61.69,MLE,57,15,NA,NA,NA,NA,860,22.55,33.72,5.96,-1.5,309,1.4
,,,,,,,,,,,,,,,,,,,,,,,
,,,,,,,,,,,,,,,,,,,,,,,
Djibouti,DJI,EMR,71.63,193.32,131.63,105.2,193.32,131.63,61.69,BTSX,58,15,NA,NA,NA,NA,860,22.55,33.72,5.96,-1.5,309,1.4
,,,,,,,,,,,,,,,,,,,,,,,
,,,,,,,,,,,,,,,,,,,,,,,
Djibouti,DJI,EMR,71.63,193.32,131.63,105.2,193.32,131.63,61.69,FMLE,60,16,NA,NA,NA,NA,860,22.55,33.72,5.96,-1.5,309,1.4
,,,,,,,,,,,,,,,,,,,,,,,
,,,,,,,,,,,,,,,,,,,,,,,
Dominica,DMA,AMR,301.17,743.62,535.8,417.98,743.62,535.8,207.82,BTSX,74,21,7,5,7,5,72,NA,25.96,12.35,-1.4,339,NA
,,,,,,,,,,,,,,,,,,,,,,,
,,,,,,,,,,,,,,,,,,,,,,,
Dominica,DMA,AMR,301.17,743.62,535.8,417.98,743.62,535.8,207.82,MLE,72,21,11,7,10,7,72,NA,25.96,12.35,-1.4,339,NA
,,,,,,,,,,,,,,,,,,,,,,,
,,,,,,,,,,,,,,,,,,,,,,,
Dominica,DMA,AMR,301.17,743.62,535.8,417.98,743.62,535.8,207.82,FMLE,77,22,4,3,3,3,72,NA,25.96,12.35,-1.4,339,NA
,,,,,,,,,,,,,,,,,,,,,,,
,,,,,,,,,,,,,,,,,,,,,,,
Denmark,DNK,EUR,5661.12,4563.73,3886.42,6647.72,4563.73,3886.42,677.31,BTSX,79,23,29,21,29,21,5598,40.95,17.66,23.9,-0.4,1413,0.2
,,,,,,,,,,,,,,,,,,,,,,,
,,,,,,,,,,,,,,,,,,,,,,,
Denmark,DNK,EUR,5661.12,4563.73,3886.42,6647.72,4563.73,3886.42,677.31,MLE,77,21,30,22,30,22,5598,40.95,17.66,23.9,-0.4,1413,0.2
,,,,,,,,,,,,,,,,,,,,,,,
,,,,,,,,,,,,,,,,,,,,,,,
Denmark,DNK,EUR,5661.12,4563.73,3886.42,6647.72,4563.73,3886.42,677.31,FMLE,82,24,28,21,28,21,5598,40.95,17.66,23.9,-0.4,1413,0.2
,,,,,,,,,,,,,,,,,,,,,,,
,,,,,,,,,,,,,,,,,,,,,,,
Dominican Republic,DOM,AMR,145.86,529.07,260.99,295.69,529.07,260.99,268.08,BTSX,73,20,15,13,13,11,10277,25.53,30.53,8.97,-1.3,234,0.7
,,,,,,,,,,,,,,,,,,,,,,,
,,,,,,,,,,,,,,,,,,,,,,,
Dominican Republic,DOM,AMR,145.86,529.07,260.99,295.69,529.07,260.99,268.08,FMLE,73,20,13,11,11,9,10277,25.53,30.53,8.97,-1.3,234,0.7
,,,,,,,,,,,,,,,,,,,,,,,
,,,,,,,,,,,,,,,,,,,,,,,
Dominican Republic,DOM,AMR,145.86,529.07,260.99,295.69,529.07,260.99,268.08,MLE,72,20,17,14,16,12,10277,25.53,30.53,8.97,-1.3,234,0.7
,,,,,,,,,,,,,,,,,,,,,,,
,,,,,,,,,,,,,,,,,,,,,,,
Algeria,DZA,AFR,181.56,373.61,301.71,224.82,373.61,301.71,71.9,FMLE,74,20,NA,NA,NA,NA,38482,26.62,27.42,7.17,-1.9,775,0
,,,,,,,,,,,,,,,,,,,,,,,
,,,,,,,,,,,,,,,,,,,,,,,
Algeria,DZA,AFR,181.56,373.61,301.71,224.82,373.61,301.71,71.9,BTSX,73,19,NA,NA,NA,NA,38482,26.62,27.42,7.17,-1.9,775,0
,,,,,,,,,,,,,,,,,,,,,,,
,,,,,,,,,,,,,,,,,,,,,,,
Algeria,DZA,AFR,181.56,373.61,301.71,224.82,373.61,301.71,71.9,MLE,71,18,NA,NA,NA,NA,38482,26.62,27.42,7.17,-1.9,775,0
,,,,,,,,,,,,,,,,,,,,,,,
,,,,,,,,,,,,,,,,,,,,,,,
Ecuador,ECU,AMR,135.95,615.81,252.53,331.51,615.81,252.53,363.28,MLE,73,22,NA,NA,NA,NA,15492,25.83,30.29,9.21,-1.6,227,0.4
,,,,,,,,,,,,,,,,,,,,,,,
,,,,,,,,,,,,,,,,,,,,,,,
Ecuador,ECU,AMR,135.95,615.81,252.53,331.51,615.81,252.53,363.28,BTSX,76,23,NA,NA,NA,NA,15492,25.83,30.29,9.21,-1.6,227,0.4
,,,,,,,,,,,,,,,,,,,,,,,
,,,,,,,,,,,,,,,,,,,,,,,
Ecuador,ECU,AMR,135.95,615.81,252.53,331.51,615.81,252.53,363.28,FMLE,79,24,NA,NA,NA,NA,15492,25.83,30.29,9.21,-1.6,227,0.4
,,,,,,,,,,,,,,,,,,,,,,,
,,,,,,,,,,,,,,,,,,,,,,,
Egypt,EGY,EMR,55.27,309.64,125.32,136.58,309.64,125.32,184.32,BTSX,73,18,20,19,17,16,80722,24.93,31.25,8.62,-1.7,1104,0
,,,,,,,,,,,,,,,,,,,,,,,
,,,,,,,,,,,,,,,,,,,,,,,
Egypt,EGY,EMR,55.27,309.64,125.32,136.58,309.64,125.32,184.32,MLE,71,17,40,38,33,32,80722,24.93,31.25,8.62,-1.7,1104,0
,,,,,,,,,,,,,,,,,,,,,,,
,,,,,,,,,,,,,,,,,,,,,,,
Egypt,EGY,EMR,55.27,309.64,125.32,136.58,309.64,125.32,184.32,FMLE,75,20,0,0,0,0,80722,24.93,31.25,8.62,-1.7,1104,0
,,,,,,,,,,,,,,,,,,,,,,,
,,,,,,,,,,,,,,,,,,,,,,,
Eritrea,ERI,AFR,6.78,16.99,8.29,13.9,16.99,8.29,8.7,FMLE,64,16,2,1,0,0,6131,18.37,43.1,3.73,-3.3,74,0.6
,,,,,,,,,,,,,,,,,,,,,,,
,,,,,,,,,,,,,,,,,,,,,,,
Eritrea,ERI,AFR,6.78,16.99,8.29,13.9,16.99,8.29,8.7,MLE,59,13,10,8,9,6,6131,18.37,43.1,3.73,-3.3,74,0.6
,,,,,,,,,,,,,,,,,,,,,,,
,,,,,,,,,,,,,,,,,,,,,,,
Eritrea,ERI,AFR,6.78,16.99,8.29,13.9,16.99,8.29,8.7,BTSX,61,15,6,5,5,3,6131,18.37,43.1,3.73,-3.3,74,0.6
,,,,,,,,,,,,,,,,,,,,,,,
,,,,,,,,,,,,,,,,,,,,,,,
Spain,ESP,EUR,2227.45,3040.78,2237.85,3026.65,3040.78,2237.85,802.93,MLE,79,22,36,32,36,32,46755,40.99,15.2,22.86,-0.5,1757,0.4
,,,,,,,,,,,,,,,,,,,,,,,
,,,,,,,,,,,,,,,,,,,,,,,
Spain,ESP,EUR,2227.45,3040.78,2237.85,3026.65,3040.78,2237.85,802.93,FMLE,85,27,27,23,27,23,46755,40.99,15.2,22.86,-0.5,1757,0.4
,,,,,,,,,,,,,,,,,,,,,,,
,,,,,,,,,,,,,,,,,,,,,,,
Spain,ESP,EUR,2227.45,3040.78,2237.85,3026.65,3040.78,2237.85,802.93,BTSX,82,25,32,28,32,28,46755,40.99,15.2,22.86,-0.5,1757,0.4
,,,,,,,,,,,,,,,,,,,,,,,
,,,,,,,,,,,,,,,,,,,,,,,
Estonia,EST,EUR,778.49,1334.41,1052.65,986.86,1334.41,1052.65,281.76,MLE,71,18,46,37,46,37,1291,40.78,15.69,23.92,0.2,1523,1.3
,,,,,,,,,,,,,,,,,,,,,,,
,,,,,,,,,,,,,,,,,,,,,,,
Estonia,EST,EUR,778.49,1334.41,1052.65,986.86,1334.41,1052.65,281.76,BTSX,76,22,34,27,34,27,1291,40.78,15.69,23.92,0.2,1523,1.3
,,,,,,,,,,,,,,,,,,,,,,,
,,,,,,,,,,,,,,,,,,,,,,,
Estonia,EST,EUR,778.49,1334.41,1052.65,986.86,1334.41,1052.65,281.76,FMLE,81,24,23,16,23,16,1291,40.78,15.69,23.92,0.2,1523,1.3
,,,,,,,,,,,,,,,,,,,,,,,
,,,,,,,,,,,,,,,,,,,,,,,
Ethiopia,ETH,AFR,9.59,51.96,30,16.61,51.96,30,21.96,FMLE,62,18,0,0,0,0,91729,17.93,43.29,5.17,-2.6,42,1.4
,,,,,,,,,,,,,,,,,,,,,,,
,,,,,,,,,,,,,,,,,,,,,,,
Ethiopia,ETH,AFR,9.59,51.96,30,16.61,51.96,30,21.96,MLE,59,16,8,5,8,5,91729,17.93,43.29,5.17,-2.6,42,1.4
,,,,,,,,,,,,,,,,,,,,,,,
,,,,,,,,,,,,,,,,,,,,,,,
Ethiopia,ETH,AFR,9.59,51.96,30,16.61,51.96,30,21.96,BTSX,60,17,4,3,4,3,91729,17.93,43.29,5.17,-2.6,42,1.4
,,,,,,,,,,,,,,,,,,,,,,,
,,,,,,,,,,,,,,,,,,,,,,,
Finland,FIN,EUR,3234.87,3332.16,2492.02,4325.46,3332.16,2492.02,840.14,FMLE,84,26,22,14,22,14,5408,42.24,16.42,25.9,-0.4,671,0.1
,,,,,,,,,,,,,,,,,,,,,,,
,,,,,,,,,,,,,,,,,,,,,,,
Finland,FIN,EUR,3234.87,3332.16,2492.02,4325.46,3332.16,2492.02,840.14,BTSX,81,24,25,17,25,17,5408,42.24,16.42,25.9,-0.4,671,0.1
,,,,,,,,,,,,,,,,,,,,,,,
,,,,,,,,,,,,,,,,,,,,,,,
Finland,FIN,EUR,3234.87,3332.16,2492.02,4325.46,3332.16,2492.02,840.14,MLE,78,22,28,20,28,20,5408,42.24,16.42,25.9,-0.4,671,0.1
,,,,,,,,,,,,,,,,,,,,,,,
,,,,,,,,,,,,,,,,,,,,,,,
Fiji,FJI,WPR,114.38,183.01,124.72,167.84,183.01,124.72,58.29,FMLE,72,18,3,2,3,2,875,26.88,28.88,8.38,-0.8,530,0
,,,,,,,,,,,,,,,,,,,,,,,
,,,,,,,,,,,,,,,,,,,,,,,
Fiji,FJI,WPR,114.38,183.01,124.72,167.84,183.01,124.72,58.29,BTSX,70,17,10,8,10,8,875,26.88,28.88,8.38,-0.8,530,0
,,,,,,,,,,,,,,,,,,,,,,,
,,,,,,,,,,,,,,,,,,,,,,,
Fiji,FJI,WPR,114.38,183.01,124.72,167.84,183.01,124.72,58.29,MLE,67,15,18,14,18,14,875,26.88,28.88,8.38,-0.8,530,0
,,,,,,,,,,,,,,,,,,,,,,,
,,,,,,,,,,,,,,,,,,,,,,,
France,FRA,EUR,3800.19,4085.48,3135.22,4952,4085.48,3135.22,950.26,FMLE,85,27,27,24,27,24,63937,40.43,18.26,23.82,-0.6,854,0.4
,,,,,,,,,,,,,,,,,,,,,,,
,,,,,,,,,,,,,,,,,,,,,,,
France,FRA,EUR,3800.19,4085.48,3135.22,4952,4085.48,3135.22,950.26,MLE,78,23,36,30,36,30,63937,40.43,18.26,23.82,-0.6,854,0.4
,,,,,,,,,,,,,,,,,,,,,,,
,,,,,,,,,,,,,,,,,,,,,,,
France,FRA,EUR,3800.19,4085.48,3135.22,4952,4085.48,3135.22,950.26,BTSX,82,25,31,27,31,27,63937,40.43,18.26,23.82,-0.6,854,0.4
,,,,,,,,,,,,,,,,,,,,,,,
,,,,,,,,,,,,,,,,,,,,,,,
Micronesia,FSM,WPR,347.35,461.5,418.96,382.62,461.5,418.96,42.54,FMLE,70,18,18,13,18,13,103,20.73,35.81,6.67,0,NA,NA
,,,,,,,,,,,,,,,,,,,,,,,
,,,,,,,,,,,,,,,,,,,,,,,
Micronesia,FSM,WPR,347.35,461.5,418.96,382.62,461.5,418.96,42.54,MLE,67,16,30,25,30,25,103,20.73,35.81,6.67,0,NA,NA
,,,,,,,,,,,,,,,,,,,,,,,
,,,,,,,,,,,,,,,,,,,,,,,
Micronesia,FSM,WPR,347.35,461.5,418.96,382.62,461.5,418.96,42.54,BTSX,69,17,24,19,24,19,103,20.73,35.81,6.67,0,NA,NA
,,,,,,,,,,,,,,,,,,,,,,,
,,,,,,,,,,,,,,,,,,,,,,,
Gabon,GAB,AFR,191.51,514.53,275.01,358.3,514.53,275.01,239.52,FMLE,64,19,3,2,2,1,1633,20.66,38.49,7.38,-2.4,501,5
,,,,,,,,,,,,,,,,,,,,,,,
,,,,,,,,,,,,,,,,,,,,,,,
Gabon,GAB,AFR,191.51,514.53,275.01,358.3,514.53,275.01,239.52,MLE,61,17,19,16,15,12,1633,20.66,38.49,7.38,-2.4,501,5
,,,,,,,,,,,,,,,,,,,,,,,
,,,,,,,,,,,,,,,,,,,,,,,
Gabon,GAB,AFR,191.51,514.53,275.01,358.3,514.53,275.01,239.52,BTSX,62,18,11,9,9,7,1633,20.66,38.49,7.38,-2.4,501,5
,,,,,,,,,,,,,,,,,,,,,,,
,,,,,,,,,,,,,,,,,,,,,,,
United Kingdom,GBR,EUR,2984.32,3321.67,2746.99,3608.65,3321.67,2746.99,574.68,MLE,79,22,25,17,25,17,62783,40.07,17.54,23.06,-0.6,750,0.3
,,,,,,,,,,,,,,,,,,,,,,,
,,,,,,,,,,,,,,,,,,,,,,,
United Kingdom,GBR,EUR,2984.32,3321.67,2746.99,3608.65,3321.67,2746.99,574.68,FMLE,82,25,23,16,23,16,62783,40.07,17.54,23.06,-0.6,750,0.3
,,,,,,,,,,,,,,,,,,,,,,,
,,,,,,,,,,,,,,,,,,,,,,,
United Kingdom,GBR,EUR,2984.32,3321.67,2746.99,3608.65,3321.67,2746.99,574.68,BTSX,80,24,24,16,24,16,62783,40.07,17.54,23.06,-0.6,750,0.3
,,,,,,,,,,,,,,,,,,,,,,,
,,,,,,,,,,,,,,,,,,,,,,,
Georgia,GEO,EUR,72.59,564.01,124.73,328.26,564.01,124.73,439.28,FMLE,76,20,6,4,6,4,4358,37.43,17.62,19.47,0.4,1039,0.2
,,,,,,,,,,,,,,,,,,,,,,,
,,,,,,,,,,,,,,,,,,,,,,,
Georgia,GEO,EUR,72.59,564.01,124.73,328.26,564.01,124.73,439.28,BTSX,72,18,31,27,31,27,4358,37.43,17.62,19.47,0.4,1039,0.2
,,,,,,,,,,,,,,,,,,,,,,,
,,,,,,,,,,,,,,,,,,,,,,,
Georgia,GEO,EUR,72.59,564.01,124.73,328.26,564.01,124.73,439.28,MLE,68,16,57,51,57,51,4358,37.43,17.62,19.47,0.4,1039,0.2
,,,,,,,,,,,,,,,,,,,,,,,
,,,,,,,,,,,,,,,,,,,,,,,
Ghana,GHA,AFR,42.08,90.01,50.49,75.02,90.01,50.49,39.52,MLE,62,17,11,8,8,5,25366,20.45,38.59,5.4,-2.2,44,1.5
,,,,,,,,,,,,,,,,,,,,,,,
,,,,,,,,,,,,,,,,,,,,,,,
Ghana,GHA,AFR,42.08,90.01,50.49,75.02,90.01,50.49,39.52,FMLE,65,19,3,2,0,0,25366,20.45,38.59,5.4,-2.2,44,1.5
,,,,,,,,,,,,,,,,,,,,,,,
,,,,,,,,,,,,,,,,,,,,,,,
Ghana,GHA,AFR,42.08,90.01,50.49,75.02,90.01,50.49,39.52,BTSX,64,18,7,5,4,3,25366,20.45,38.59,5.4,-2.2,44,1.5
,,,,,,,,,,,,,,,,,,,,,,,
,,,,,,,,,,,,,,,,,,,,,,,
Guinea,GIN,AFR,8.13,67.21,18.38,29.73,67.21,18.38,48.83,MLE,54,15,25,22,20,16,11451,18.53,42.46,5.03,-2.6,9,1.4
,,,,,,,,,,,,,,,,,,,,,,,
,,,,,,,,,,,,,,,,,,,,,,,
Guinea,GIN,AFR,8.13,67.21,18.38,29.73,67.21,18.38,48.83,BTSX,55,16,13,12,10,8,11451,18.53,42.46,5.03,-2.6,9,1.4
,,,,,,,,,,,,,,,,,,,,,,,
,,,,,,,,,,,,,,,,,,,,,,,
Guinea,GIN,AFR,8.13,67.21,18.38,29.73,67.21,18.38,48.83,FMLE,56,17,2,1,0,0,11451,18.53,42.46,5.03,-2.6,9,1.4
,,,,,,,,,,,,,,,,,,,,,,,
,,,,,,,,,,,,,,,,,,,,,,,
Gambia,GMB,AFR,14.82,93.72,50.65,27.41,93.72,50.65,43.07,MLE,57,13,31,28,25,21,1791,16.95,45.9,3.72,-3.2,85,1.5
,,,,,,,,,,,,,,,,,,,,,,,
,,,,,,,,,,,,,,,,,,,,,,,
Gambia,GMB,AFR,14.82,93.72,50.65,27.41,93.72,50.65,43.07,BTSX,58,13,17,15,13,11,1791,16.95,45.9,3.72,-3.2,85,1.5
,,,,,,,,,,,,,,,,,,,,,,,
,,,,,,,,,,,,,,,,,,,,,,,
Gambia,GMB,AFR,14.82,93.72,50.65,27.41,93.72,50.65,43.07,FMLE,60,14,3,2,0,0,1791,16.95,45.9,3.72,-3.2,85,1.5
,,,,,,,,,,,,,,,,,,,,,,,
,,,,,,,,,,,,,,,,,,,,,,,
Guinea-Bissau,GNB,AFR,9.97,73.93,19.84,37.18,73.93,19.84,54.09,FMLE,52,16,NA,NA,NA,NA,1664,18.97,41.55,5.06,-2.4,97,2.5
,,,,,,,,,,,,,,,,,,,,,,,
,,,,,,,,,,,,,,,,,,,,,,,
Guinea-Bissau,GNB,AFR,9.97,73.93,19.84,37.18,73.93,19.84,54.09,BTSX,50,15,NA,NA,NA,NA,1664,18.97,41.55,5.06,-2.4,97,2.5
,,,,,,,,,,,,,,,,,,,,,,,
,,,,,,,,,,,,,,,,,,,,,,,
Guinea-Bissau,GNB,AFR,9.97,73.93,19.84,37.18,73.93,19.84,54.09,MLE,48,14,NA,NA,NA,NA,1664,18.97,41.55,5.06,-2.4,97,2.5
,,,,,,,,,,,,,,,,,,,,,,,
,,,,,,,,,,,,,,,,,,,,,,,
Equatorial Guinea,GNQ,AFR,818.85,1642.71,1088.17,1236.15,1642.71,1088.17,554.54,BTSX,54,15,NA,NA,NA,NA,736,20.49,38.95,4.53,-2.8,391,4.7
,,,,,,,,,,,,,,,,,,,,,,,
,,,,,,,,,,,,,,,,,,,,,,,
Equatorial Guinea,GNQ,AFR,818.85,1642.71,1088.17,1236.15,1642.71,1088.17,554.54,FMLE,55,16,NA,NA,NA,NA,736,20.49,38.95,4.53,-2.8,391,4.7
,,,,,,,,,,,,,,,,,,,,,,,
,,,,,,,,,,,,,,,,,,,,,,,
Equatorial Guinea,GNQ,AFR,818.85,1642.71,1088.17,1236.15,1642.71,1088.17,554.54,MLE,53,15,NA,NA,NA,NA,736,20.49,38.95,4.53,-2.8,391,4.7
,,,,,,,,,,,,,,,,,,,,,,,
,,,,,,,,,,,,,,,,,,,,,,,
Greece,GRC,EUR,1752.72,2918.03,1785.66,2864.2,2918.03,1785.66,1132.37,MLE,78,22,63,60,63,60,11125,42.47,14.6,25.41,-0.1,2795,0.2
,,,,,,,,,,,,,,,,,,,,,,,
,,,,,,,,,,,,,,,,,,,,,,,
Greece,GRC,EUR,1752.72,2918.03,1785.66,2864.2,2918.03,1785.66,1132.37,BTSX,81,24,52,49,52,49,11125,42.47,14.6,25.41,-0.1,2795,0.2
,,,,,,,,,,,,,,,,,,,,,,,
,,,,,,,,,,,,,,,,,,,,,,,
Greece,GRC,EUR,1752.72,2918.03,1785.66,2864.2,2918.03,1785.66,1132.37,FMLE,84,26,41,38,41,38,11125,42.47,14.6,25.41,-0.1,2795,0.2
,,,,,,,,,,,,,,,,,,,,,,,
,,,,,,,,,,,,,,,,,,,,,,,
Grenada,GRD,AMR,231.81,687.92,333.12,478.7,687.92,333.12,354.8,BTSX,74,21,NA,NA,NA,NA,105,25.89,26.96,9.72,0,229,NA
,,,,,,,,,,,,,,,,,,,,,,,
,,,,,,,,,,,,,,,,,,,,,,,
Grenada,GRD,AMR,231.81,687.92,333.12,478.7,687.92,333.12,354.8,MLE,71,19,NA,NA,NA,NA,105,25.89,26.96,9.72,0,229,NA
,,,,,,,,,,,,,,,,,,,,,,,
,,,,,,,,,,,,,,,,,,,,,,,
Grenada,GRD,AMR,231.81,687.92,333.12,478.7,687.92,333.12,354.8,FMLE,77,22,NA,NA,NA,NA,105,25.89,26.96,9.72,0,229,NA
,,,,,,,,,,,,,,,,,,,,,,,
,,,,,,,,,,,,,,,,,,,,,,,
Guatemala,GTM,AMR,75.86,333.98,118.43,213.94,333.98,118.43,215.55,BTSX,69,20,13,4,13,4,15083,19.19,40.8,6.56,-2.5,235,0.8
,,,,,,,,,,,,,,,,,,,,,,,
,,,,,,,,,,,,,,,,,,,,,,,
Guatemala,GTM,AMR,75.86,333.98,118.43,213.94,333.98,118.43,215.55,FMLE,73,21,4,0,4,0,15083,19.19,40.8,6.56,-2.5,235,0.8
,,,,,,,,,,,,,,,,,,,,,,,
,,,,,,,,,,,,,,,,,,,,,,,
Guatemala,GTM,AMR,75.86,333.98,118.43,213.94,333.98,118.43,215.55,MLE,66,20,22,7,22,7,15083,19.19,40.8,6.56,-2.5,235,0.8
,,,,,,,,,,,,,,,,,,,,,,,
,,,,,,,,,,,,,,,,,,,,,,,
Guyana,GUY,AMR,158.07,230.38,182.27,199.79,230.38,182.27,48.11,MLE,60,13,27,17,26,16,795,22.36,36.77,5.18,-0.5,49,1.1
,,,,,,,,,,,,,,,,,,,,,,,
,,,,,,,,,,,,,,,,,,,,,,,
Guyana,GUY,AMR,158.07,230.38,182.27,199.79,230.38,182.27,48.11,BTSX,63,15,16,9,16,9,795,22.36,36.77,5.18,-0.5,49,1.1
,,,,,,,,,,,,,,,,,,,,,,,
,,,,,,,,,,,,,,,,,,,,,,,
Guyana,GUY,AMR,158.07,230.38,182.27,199.79,230.38,182.27,48.11,FMLE,67,17,6,2,5,2,795,22.36,36.77,5.18,-0.5,49,1.1
,,,,,,,,,,,,,,,,,,,,,,,
,,,,,,,,,,,,,,,,,,,,,,,
Honduras,HND,AMR,92.82,350.65,168.77,192.86,350.65,168.77,181.88,MLE,72,20,NA,NA,NA,NA,7936,21.57,35.72,6.41,-2,217,0
,,,,,,,,,,,,,,,,,,,,,,,
,,,,,,,,,,,,,,,,,,,,,,,
Honduras,HND,AMR,92.82,350.65,168.77,192.86,350.65,168.77,181.88,BTSX,74,21,NA,NA,NA,NA,7936,21.57,35.72,6.41,-2,217,0
,,,,,,,,,,,,,,,,,,,,,,,
,,,,,,,,,,,,,,,,,,,,,,,
Honduras,HND,AMR,92.82,350.65,168.77,192.86,350.65,168.77,181.88,FMLE,76,22,3,0,3,0,7936,21.57,35.72,6.41,-2,217,0
,,,,,,,,,,,,,,,,,,,,,,,
,,,,,,,,,,,,,,,,,,,,,,,
Croatia,HRV,EUR,964.22,1573.27,1333.1,1137.94,1573.27,1333.1,240.17,FMLE,80,23,30,26,30,26,4307,42.38,14.98,24.69,0.4,1621,0
,,,,,,,,,,,,,,,,,,,,,,,
,,,,,,,,,,,,,,,,,,,,,,,
Croatia,HRV,EUR,964.22,1573.27,1333.1,1137.94,1573.27,1333.1,240.17,BTSX,77,21,33,29,33,29,4307,42.38,14.98,24.69,0.4,1621,0
,,,,,,,,,,,,,,,,,,,,,,,
,,,,,,,,,,,,,,,,,,,,,,,
Croatia,HRV,EUR,964.22,1573.27,1333.1,1137.94,1573.27,1333.1,240.17,MLE,74,19,36,33,36,33,4307,42.38,14.98,24.69,0.4,1621,0
,,,,,,,,,,,,,,,,,,,,,,,
,,,,,,,,,,,,,,,,,,,,,,,
Haiti,HTI,AMR,25.2,93.72,40.96,57.66,93.72,40.96,52.76,FMLE,64,17,NA,NA,NA,NA,10174,21.99,35.35,6.7,-1.4,100,1.8
,,,,,,,,,,,,,,,,,,,,,,,
,,,,,,,,,,,,,,,,,,,,,,,
Haiti,HTI,AMR,25.2,93.72,40.96,57.66,93.72,40.96,52.76,BTSX,63,16,NA,NA,NA,NA,10174,21.99,35.35,6.7,-1.4,100,1.8
,,,,,,,,,,,,,,,,,,,,,,,
,,,,,,,,,,,,,,,,,,,,,,,
Haiti,HTI,AMR,25.2,93.72,40.96,57.66,93.72,40.96,52.76,MLE,61,16,NA,NA,NA,NA,10174,21.99,35.35,6.7,-1.4,100,1.8
,,,,,,,,,,,,,,,,,,,,,,,
,,,,,,,,,,,,,,,,,,,,,,,
Hungary,HUN,EUR,702.57,1669.26,1081.09,1084.8,1669.26,1081.09,588.17,BTSX,75,20,38,32,38,32,9976,40.35,14.62,23.41,0.2,1518,0
,,,,,,,,,,,,,,,,,,,,,,,
,,,,,,,,,,,,,,,,,,,,,,,
Hungary,HUN,EUR,702.57,1669.26,1081.09,1084.8,1669.26,1081.09,588.17,MLE,71,17,43,36,43,36,9976,40.35,14.62,23.41,0.2,1518,0
,,,,,,,,,,,,,,,,,,,,,,,
,,,,,,,,,,,,,,,,,,,,,,,
Hungary,HUN,EUR,702.57,1669.26,1081.09,1084.8,1669.26,1081.09,588.17,FMLE,79,22,33,28,33,28,9976,40.35,14.62,23.41,0.2,1518,0
,,,,,,,,,,,,,,,,,,,,,,,
,,,,,,,,,,,,,,,,,,,,,,,
Indonesia,IDN,SEAR,32.43,126.89,43.32,94.99,126.89,43.32,83.57,MLE,68,17,61,54,57,49,247000,27.47,29.27,7.86,-1.2,1085,0.3
,,,,,,,,,,,,,,,,,,,,,,,
,,,,,,,,,,,,,,,,,,,,,,,
Indonesia,IDN,SEAR,32.43,126.89,43.32,94.99,126.89,43.32,83.57,BTSX,69,18,33,29,30,26,247000,27.47,29.27,7.86,-1.2,1085,0.3
,,,,,,,,,,,,,,,,,,,,,,,
,,,,,,,,,,,,,,,,,,,,,,,
Indonesia,IDN,SEAR,32.43,126.89,43.32,94.99,126.89,43.32,83.57,FMLE,71,19,5,4,4,3,247000,27.47,29.27,7.86,-1.2,1085,0.3
,,,,,,,,,,,,,,,,,,,,,,,
,,,,,,,,,,,,,,,,,,,,,,,
India,IND,SEAR,18.32,141.12,43.75,59.1,141.12,43.75,97.37,FMLE,67,18,4,3,1,0,1240000,26.07,29.43,8.1,-1.6,96,0.3
,,,,,,,,,,,,,,,,,,,,,,,
,,,,,,,,,,,,,,,,,,,,,,,
India,IND,SEAR,18.32,141.12,43.75,59.1,141.12,43.75,97.37,MLE,64,16,26,20,11,7,1240000,26.07,29.43,8.1,-1.6,96,0.3
,,,,,,,,,,,,,,,,,,,,,,,
,,,,,,,,,,,,,,,,,,,,,,,
India,IND,SEAR,18.32,141.12,43.75,59.1,141.12,43.75,97.37,BTSX,65,17,15,12,6,4,1240000,26.07,29.43,8.1,-1.6,96,0.3
,,,,,,,,,,,,,,,,,,,,,,,
,,,,,,,,,,,,,,,,,,,,,,,
Ireland,IRL,EUR,3198.75,3893.53,2741.81,4542.4,3893.53,2741.81,1151.72,MLE,79,22,NA,NA,31,23,4576,34.94,21.54,16.59,-1.2,1006,0.3
,,,,,,,,,,,,,,,,,,,,,,,
,,,,,,,,,,,,,,,,,,,,,,,
Ireland,IRL,EUR,3198.75,3893.53,2741.81,4542.4,3893.53,2741.81,1151.72,FMLE,83,25,NA,NA,26,19,4576,34.94,21.54,16.59,-1.2,1006,0.3
,,,,,,,,,,,,,,,,,,,,,,,
,,,,,,,,,,,,,,,,,,,,,,,
Ireland,IRL,EUR,3198.75,3893.53,2741.81,4542.4,3893.53,2741.81,1151.72,BTSX,81,24,NA,NA,28,21,4576,34.94,21.54,16.59,-1.2,1006,0.3
,,,,,,,,,,,,,,,,,,,,,,,
,,,,,,,,,,,,,,,,,,,,,,,
Iran,IRN,EMR,137.6,929.16,369.18,346.31,929.16,369.18,559.98,FMLE,75,20,2,1,0,0,76424,27.99,23.68,7.82,-1.3,657,0.2
,,,,,,,,,,,,,,,,,,,,,,,
,,,,,,,,,,,,,,,,,,,,,,,
Iran,IRN,EMR,137.6,929.16,369.18,346.31,929.16,369.18,559.98,BTSX,73,20,14,11,11,8,76424,27.99,23.68,7.82,-1.3,657,0.2
,,,,,,,,,,,,,,,,,,,,,,,
,,,,,,,,,,,,,,,,,,,,,,,
Iran,IRN,EMR,137.6,929.16,369.18,346.31,929.16,369.18,559.98,MLE,72,19,26,21,21,16,76424,27.99,23.68,7.82,-1.3,657,0.2
,,,,,,,,,,,,,,,,,,,,,,,
,,,,,,,,,,,,,,,,,,,,,,,
Iraq,IRQ,EMR,267.54,368.52,297.34,331.59,368.52,297.34,71.18,MLE,65,15,31,27,26,21,32778,19.5,40.51,4.95,-2.9,864,NA
,,,,,,,,,,,,,,,,,,,,,,,
,,,,,,,,,,,,,,,,,,,,,,,
Iraq,IRQ,EMR,267.54,368.52,297.34,331.59,368.52,297.34,71.18,FMLE,72,20,4,4,3,3,32778,19.5,40.51,4.95,-2.9,864,NA
,,,,,,,,,,,,,,,,,,,,,,,
,,,,,,,,,,,,,,,,,,,,,,,
Iraq,IRQ,EMR,267.54,368.52,297.34,331.59,368.52,297.34,71.18,BTSX,69,18,18,15,14,12,32778,19.5,40.51,4.95,-2.9,864,NA
,,,,,,,,,,,,,,,,,,,,,,,
,,,,,,,,,,,,,,,,,,,,,,,
Iceland,ISL,EUR,3203.92,3263.64,2623.37,3985.88,3263.64,2623.37,640.27,FMLE,84,26,21,14,21,14,326,35.3,20.71,17.62,-1.2,477,0.3
,,,,,,,,,,,,,,,,,,,,,,,
,,,,,,,,,,,,,,,,,,,,,,,
Iceland,ISL,EUR,3203.92,3263.64,2623.37,3985.88,3263.64,2623.37,640.27,MLE,81,23,27,19,27,19,326,35.3,20.71,17.62,-1.2,477,0.3
,,,,,,,,,,,,,,,,,,,,,,,
,,,,,,,,,,,,,,,,,,,,,,,
Iceland,ISL,EUR,3203.92,3263.64,2623.37,3985.88,3263.64,2623.37,640.27,BTSX,82,24,24,17,24,17,326,35.3,20.71,17.62,-1.2,477,0.3
,,,,,,,,,,,,,,,,,,,,,,,
,,,,,,,,,,,,,,,,,,,,,,,
Israel,ISR,EUR,1492.2,2171.89,1335.83,2426.14,2171.89,1335.83,836.06,MLE,80,23,29,NA,29,NA,7644,30.1,27.53,15.15,-1.3,1037,0.2
,,,,,,,,,,,,,,,,,,,,,,,
,,,,,,,,,,,,,,,,,,,,,,,
Israel,ISR,EUR,1492.2,2171.89,1335.83,2426.14,2171.89,1335.83,836.06,FMLE,84,26,13,NA,13,NA,7644,30.1,27.53,15.15,-1.3,1037,0.2
,,,,,,,,,,,,,,,,,,,,,,,
,,,,,,,,,,,,,,,,,,,,,,,
Israel,ISR,EUR,1492.2,2171.89,1335.83,2426.14,2171.89,1335.83,836.06,BTSX,82,25,21,NA,21,NA,7644,30.1,27.53,15.15,-1.3,1037,0.2
,,,,,,,,,,,,,,,,,,,,,,,
,,,,,,,,,,,,,,,,,,,,,,,
Italy,ITA,EUR,2653.87,3129.54,2417.43,3435.63,3129.54,2417.43,712.11,BTSX,82,25,26,22,26,22,60885,43.99,14.04,26.97,-0.3,1475,0.4
,,,,,,,,,,,,,,,,,,,,,,,
,,,,,,,,,,,,,,,,,,,,,,,
Italy,ITA,EUR,2653.87,3129.54,2417.43,3435.63,3129.54,2417.43,712.11,MLE,80,23,33,28,33,28,60885,43.99,14.04,26.97,-0.3,1475,0.4
,,,,,,,,,,,,,,,,,,,,,,,
,,,,,,,,,,,,,,,,,,,,,,,
Italy,ITA,EUR,2653.87,3129.54,2417.43,3435.63,3129.54,2417.43,712.11,FMLE,85,27,19,16,19,16,60885,43.99,14.04,26.97,-0.3,1475,0.4
,,,,,,,,,,,,,,,,,,,,,,,
,,,,,,,,,,,,,,,,,,,,,,,
Jamaica,JAM,AMR,146.37,391.56,211.97,270.38,391.56,211.97,179.59,BTSX,75,22,NA,NA,NA,NA,2769,27.5,27.78,10.98,-0.5,283,1.8
,,,,,,,,,,,,,,,,,,,,,,,
,,,,,,,,,,,,,,,,,,,,,,,
Jamaica,JAM,AMR,146.37,391.56,211.97,270.38,391.56,211.97,179.59,MLE,71,20,NA,NA,NA,NA,2769,27.5,27.78,10.98,-0.5,283,1.8
,,,,,,,,,,,,,,,,,,,,,,,
,,,,,,,,,,,,,,,,,,,,,,,
Jamaica,JAM,AMR,146.37,391.56,211.97,270.38,391.56,211.97,179.59,FMLE,78,23,NA,NA,NA,NA,2769,27.5,27.78,10.98,-0.5,283,1.8
,,,,,,,,,,,,,,,,,,,,,,,
,,,,,,,,,,,,,,,,,,,,,,,
Jordan,JOR,EMR,265.62,504.82,341.97,392.12,504.82,341.97,162.85,MLE,72,19,47,47,42,40,7009,23.06,34.13,5.3,-4,1372,NA
,,,,,,,,,,,,,,,,,,,,,,,
,,,,,,,,,,,,,,,,,,,,,,,
Jordan,JOR,EMR,265.62,504.82,341.97,392.12,504.82,341.97,162.85,BTSX,74,19,26,26,23,21,7009,23.06,34.13,5.3,-4,1372,NA
,,,,,,,,,,,,,,,,,,,,,,,
,,,,,,,,,,,,,,,,,,,,,,,
Jordan,JOR,EMR,265.62,504.82,341.97,392.12,504.82,341.97,162.85,FMLE,75,20,6,5,3,3,7009,23.06,34.13,5.3,-4,1372,NA
,,,,,,,,,,,,,,,,,,,,,,,
,,,,,,,,,,,,,,,,,,,,,,,
Japan,JPN,WPR,3399.43,3174.29,2539.6,4249,3174.29,2539.6,634.69,BTSX,83,26,27,25,27,25,127000,45.53,13.12,31.92,0,1841,0
,,,,,,,,,,,,,,,,,,,,,,,
,,,,,,,,,,,,,,,,,,,,,,,
Japan,JPN,WPR,3399.43,3174.29,2539.6,4249,3174.29,2539.6,634.69,MLE,79,23,42,39,42,39,127000,45.53,13.12,31.92,0,1841,0
,,,,,,,,,,,,,,,,,,,,,,,
,,,,,,,,,,,,,,,,,,,,,,,
Japan,JPN,WPR,3399.43,3174.29,2539.6,4249,3174.29,2539.6,634.69,FMLE,86,28,12,11,12,11,127000,45.53,13.12,31.92,0,1841,0
,,,,,,,,,,,,,,,,,,,,,,,
,,,,,,,,,,,,,,,,,,,,,,,
Kazakhstan,KAZ,EUR,263.57,533.61,309.14,454.95,533.61,309.14,224.47,FMLE,72,18,9,6,9,6,16271,29.2,25.46,10.04,-1.1,1934,0.2
,,,,,,,,,,,,,,,,,,,,,,,
,,,,,,,,,,,,,,,,,,,,,,,
Kazakhstan,KAZ,EUR,263.57,533.61,309.14,454.95,533.61,309.14,224.47,MLE,62,14,40,34,40,34,16271,29.2,25.46,10.04,-1.1,1934,0.2
,,,,,,,,,,,,,,,,,,,,,,,
,,,,,,,,,,,,,,,,,,,,,,,
Kazakhstan,KAZ,EUR,263.57,533.61,309.14,454.95,533.61,309.14,224.47,BTSX,67,16,24,20,24,20,16271,29.2,25.46,10.04,-1.1,1934,0.2
,,,,,,,,,,,,,,,,,,,,,,,
,,,,,,,,,,,,,,,,,,,,,,,
Kenya,KEN,AFR,14.34,77.08,30.49,36.25,77.08,30.49,46.59,BTSX,60,17,14,10,12,9,43178,18.72,42.37,4.25,-2.7,144,6.2
,,,,,,,,,,,,,,,,,,,,,,,
,,,,,,,,,,,,,,,,,,,,,,,
Kenya,KEN,AFR,14.34,77.08,30.49,36.25,77.08,30.49,46.59,FMLE,61,18,1,0,0,0,43178,18.72,42.37,4.25,-2.7,144,6.2
,,,,,,,,,,,,,,,,,,,,,,,
,,,,,,,,,,,,,,,,,,,,,,,
Kenya,KEN,AFR,14.34,77.08,30.49,36.25,77.08,30.49,46.59,MLE,58,16,26,20,22,17,43178,18.72,42.37,4.25,-2.7,144,6.2
,,,,,,,,,,,,,,,,,,,,,,,
,,,,,,,,,,,,,,,,,,,,,,,
Kyrgyzstan,KGZ,EUR,42.52,160.7,95.9,71.25,160.7,95.9,64.8,FMLE,72,19,2,1,2,1,5474,24.34,30.21,6.34,-1.3,942,0.4
,,,,,,,,,,,,,,,,,,,,,,,
,,,,,,,,,,,,,,,,,,,,,,,
Kyrgyzstan,KGZ,EUR,42.52,160.7,95.9,71.25,160.7,95.9,64.8,BTSX,69,17,23,20,23,20,5474,24.34,30.21,6.34,-1.3,942,0.4
,,,,,,,,,,,,,,,,,,,,,,,
,,,,,,,,,,,,,,,,,,,,,,,
Kyrgyzstan,KGZ,EUR,42.52,160.7,95.9,71.25,160.7,95.9,64.8,MLE,65,16,45,39,45,39,5474,24.34,30.21,6.34,-1.3,942,0.4
,,,,,,,,,,,,,,,,,,,,,,,
,,,,,,,,,,,,,,,,,,,,,,,
Cambodia,KHM,WPR,11.5,134.94,30.29,51.21,134.94,30.29,104.65,MLE,64,15,42,40,41,39,14865,24.1,31.23,7.67,-1.8,452,0.6
,,,,,,,,,,,,,,,,,,,,,,,
,,,,,,,,,,,,,,,,,,,,,,,
Cambodia,KHM,WPR,11.5,134.94,30.29,51.21,134.94,30.29,104.65,FMLE,66,17,3,3,3,3,14865,24.1,31.23,7.67,-1.8,452,0.6
,,,,,,,,,,,,,,,,,,,,,,,
,,,,,,,,,,,,,,,,,,,,,,,
Cambodia,KHM,WPR,11.5,134.94,30.29,51.21,134.94,30.29,104.65,BTSX,65,16,23,22,22,21,14865,24.1,31.23,7.67,-1.8,452,0.6
,,,,,,,,,,,,,,,,,,,,,,,
,,,,,,,,,,,,,,,,,,,,,,,
Kiribati,KIR,WPR,141.64,254.51,203.64,177.02,254.51,203.64,50.87,BTSX,67,21,57,55,57,55,101,23.15,30.1,8.84,-2,22,NA
,,,,,,,,,,,,,,,,,,,,,,,
,,,,,,,,,,,,,,,,,,,,,,,
Kiribati,KIR,WPR,141.64,254.51,203.64,177.02,254.51,203.64,50.87,FMLE,71,20,43,41,43,41,101,23.15,30.1,8.84,-2,22,NA
,,,,,,,,,,,,,,,,,,,,,,,
,,,,,,,,,,,,,,,,,,,,,,,
Kiribati,KIR,WPR,141.64,254.51,203.64,177.02,254.51,203.64,50.87,MLE,65,22,71,70,71,70,101,23.15,30.1,8.84,-2,22,NA
,,,,,,,,,,,,,,,,,,,,,,,
,,,,,,,,,,,,,,,,,,,,,,,
Saint Kitts and Nevis,KNA,AMR,330.57,671.06,374.86,591.77,671.06,374.86,296.2,BTSX,74,19,7,5,7,5,54,NA,25.96,12.35,-1.9,287,NA
,,,,,,,,,,,,,,,,,,,,,,,
,,,,,,,,,,,,,,,,,,,,,,,
Saint Kitts and Nevis,KNA,AMR,330.57,671.06,374.86,591.77,671.06,374.86,296.2,FMLE,77,21,2,2,2,2,54,NA,25.96,12.35,-1.9,287,NA
,,,,,,,,,,,,,,,,,,,,,,,
,,,,,,,,,,,,,,,,,,,,,,,
Saint Kitts and Nevis,KNA,AMR,330.57,671.06,374.86,591.77,671.06,374.86,296.2,MLE,71,17,12,8,12,8,54,NA,25.96,12.35,-1.9,287,NA
,,,,,,,,,,,,,,,,,,,,,,,
,,,,,,,,,,,,,,,,,,,,,,,
South Korea,KOR,WPR,926.57,2180.69,1250.1,1616.32,2180.69,1250.1,930.59,BTSX,81,24,28,25,28,25,49003,38.85,15.25,16.58,-0.6,1958,0
,,,,,,,,,,,,,,,,,,,,,,,
,,,,,,,,,,,,,,,,,,,,,,,
South Korea,KOR,WPR,926.57,2180.69,1250.1,1616.32,2180.69,1250.1,930.59,FMLE,84,26,7,6,7,6,49003,38.85,15.25,16.58,-0.6,1958,0
,,,,,,,,,,,,,,,,,,,,,,,
,,,,,,,,,,,,,,,,,,,,,,,
South Korea,KOR,WPR,926.57,2180.69,1250.1,1616.32,2180.69,1250.1,930.59,MLE,77,21,49,44,49,44,49003,38.85,15.25,16.58,-0.6,1958,0
,,,,,,,,,,,,,,,,,,,,,,,
,,,,,,,,,,,,,,,,,,,,,,,
Kuwait,KWT,EMR,1232.96,1308.67,1075.35,1500.49,1308.67,1075.35,233.32,FMLE,80,23,4,3,2,1,3250,28.95,24.9,3.8,-3.9,1812,NA
,,,,,,,,,,,,,,,,,,,,,,,
,,,,,,,,,,,,,,,,,,,,,,,
Kuwait,KWT,EMR,1232.96,1308.67,1075.35,1500.49,1308.67,1075.35,233.32,MLE,80,23,35,31,30,25,3250,28.95,24.9,3.8,-3.9,1812,NA
,,,,,,,,,,,,,,,,,,,,,,,
,,,,,,,,,,,,,,,,,,,,,,,
Kuwait,KWT,EMR,1232.96,1308.67,1075.35,1500.49,1308.67,1075.35,233.32,BTSX,80,23,19,17,16,13,3250,28.95,24.9,3.8,-3.9,1812,NA
,,,,,,,,,,,,,,,,,,,,,,,
,,,,,,,,,,,,,,,,,,,,,,,
Lao,LAO,WPR,18.11,77.94,38.42,36.74,77.94,38.42,39.52,BTSX,68,17,28,23,25,20,6646,21.02,35.61,5.76,-1.9,435,0.3
,,,,,,,,,,,,,,,,,,,,,,,
,,,,,,,,,,,,,,,,,,,,,,,
Lao,LAO,WPR,18.11,77.94,38.42,36.74,77.94,38.42,39.52,MLE,66,16,51,43,47,38,6646,21.02,35.61,5.76,-1.9,435,0.3
,,,,,,,,,,,,,,,,,,,,,,,
,,,,,,,,,,,,,,,,,,,,,,,
Lao,LAO,WPR,18.11,77.94,38.42,36.74,77.94,38.42,39.52,FMLE,69,18,4,3,3,2,6646,21.02,35.61,5.76,-1.9,435,0.3
,,,,,,,,,,,,,,,,,,,,,,,
,,,,,,,,,,,,,,,,,,,,,,,
Lebanon,LBN,EMR,158.65,923.79,235.61,622.03,923.79,235.61,688.18,FMLE,76,20,31,31,31,31,4647,29.4,21.64,12.03,-3.7,2138,0.1
,,,,,,,,,,,,,,,,,,,,,,,
,,,,,,,,,,,,,,,,,,,,,,,
Lebanon,LBN,EMR,158.65,923.79,235.61,622.03,923.79,235.61,688.18,BTSX,74,18,39,37,38,36,4647,29.4,21.64,12.03,-3.7,2138,0.1
,,,,,,,,,,,,,,,,,,,,,,,
,,,,,,,,,,,,,,,,,,,,,,,
Lebanon,LBN,EMR,158.65,923.79,235.61,622.03,923.79,235.61,688.18,MLE,72,17,46,43,46,42,4647,29.4,21.64,12.03,-3.7,2138,0.1
,,,,,,,,,,,,,,,,,,,,,,,
,,,,,,,,,,,,,,,,,,,,,,,
Liberia,LBR,AFR,17.34,112.42,35.52,54.9,112.42,35.52,76.9,MLE,58,15,14,12,11,8,4190,18.43,43.06,4.76,-2.7,113,1
,,,,,,,,,,,,,,,,,,,,,,,
,,,,,,,,,,,,,,,,,,,,,,,
Liberia,LBR,AFR,17.34,112.42,35.52,54.9,112.42,35.52,76.9,FMLE,60,16,NA,NA,NA,NA,4190,18.43,43.06,4.76,-2.7,113,1
,,,,,,,,,,,,,,,,,,,,,,,
,,,,,,,,,,,,,,,,,,,,,,,
Liberia,LBR,AFR,17.34,112.42,35.52,54.9,112.42,35.52,76.9,BTSX,59,16,NA,NA,NA,NA,4190,18.43,43.06,4.76,-2.7,113,1
,,,,,,,,,,,,,,,,,,,,,,,
,,,,,,,,,,,,,,,,,,,,,,,
Libyan Arab Jamahiriya,LBY,EMR,273.72,340.81,234.46,397.88,340.81,234.46,106.35,FMLE,74,21,0,0,0,0,6155,26.25,29.45,6.96,-0.8,818,NA
,,,,,,,,,,,,,,,,,,,,,,,
,,,,,,,,,,,,,,,,,,,,,,,
Libyan Arab Jamahiriya,LBY,EMR,273.72,340.81,234.46,397.88,340.81,234.46,106.35,MLE,58,17,47,45,42,39,6155,26.25,29.45,6.96,-0.8,818,NA
,,,,,,,,,,,,,,,,,,,,,,,
,,,,,,,,,,,,,,,,,,,,,,,
Libyan Arab Jamahiriya,LBY,EMR,273.72,340.81,234.46,397.88,340.81,234.46,106.35,BTSX,65,19,24,23,21,20,6155,26.25,29.45,6.96,-0.8,818,NA
,,,,,,,,,,,,,,,,,,,,,,,
,,,,,,,,,,,,,,,,,,,,,,,
Saint Lucia,LCA,AMR,243.14,674.87,325.95,503.42,674.87,325.95,348.92,FMLE,79,23,12,10,9,8,181,30.17,24.31,12.13,-1.1,249,NA
,,,,,,,,,,,,,,,,,,,,,,,
,,,,,,,,,,,,,,,,,,,,,,,
Saint Lucia,LCA,AMR,243.14,674.87,325.95,503.42,674.87,325.95,348.92,BTSX,75,21,20,19,17,15,181,30.17,24.31,12.13,-1.1,249,NA
,,,,,,,,,,,,,,,,,,,,,,,
,,,,,,,,,,,,,,,,,,,,,,,
Saint Lucia,LCA,AMR,243.14,674.87,325.95,503.42,674.87,325.95,348.92,MLE,71,19,28,27,24,23,181,30.17,24.31,12.13,-1.1,249,NA
,,,,,,,,,,,,,,,,,,,,,,,
,,,,,,,,,,,,,,,,,,,,,,,
Sri Lanka,LKA,SEAR,43.11,191.36,85.44,96.55,191.36,85.44,105.92,BTSX,75,20,14,11,11,8,21098,31.12,25.15,12.4,-0.8,195,0
,,,,,,,,,,,,,,,,,,,,,,,
,,,,,,,,,,,,,,,,,,,,,,,
Sri Lanka,LKA,SEAR,43.11,191.36,85.44,96.55,191.36,85.44,105.92,FMLE,78,22,0,0,0,0,21098,31.12,25.15,12.4,-0.8,195,0
,,,,,,,,,,,,,,,,,,,,,,,
,,,,,,,,,,,,,,,,,,,,,,,
Sri Lanka,LKA,SEAR,43.11,191.36,85.44,96.55,191.36,85.44,105.92,MLE,71,18,27,21,21,16,21098,31.12,25.15,12.4,-0.8,195,0
,,,,,,,,,,,,,,,,,,,,,,,
,,,,,,,,,,,,,,,,,,,,,,,
Lesotho,LSO,AFR,104.52,218.78,162.06,141.1,218.78,162.06,56.72,FMLE,50,17,NA,NA,NA,NA,2052,20.53,36.75,6.31,-1.1,62,23.3
,,,,,,,,,,,,,,,,,,,,,,,
,,,,,,,,,,,,,,,,,,,,,,,
Lesotho,LSO,AFR,104.52,218.78,162.06,141.1,218.78,162.06,56.72,BTSX,50,16,NA,NA,NA,NA,2052,20.53,36.75,6.31,-1.1,62,23.3
,,,,,,,,,,,,,,,,,,,,,,,
,,,,,,,,,,,,,,,,,,,,,,,
Lesotho,LSO,AFR,104.52,218.78,162.06,141.1,218.78,162.06,56.72,MLE,49,15,NA,NA,NA,NA,2052,20.53,36.75,6.31,-1.1,62,23.3
,,,,,,,,,,,,,,,,,,,,,,,
,,,,,,,,,,,,,,,,,,,,,,,
Lithuania,LTU,EUR,624.53,1337.01,953.88,875.38,1337.01,953.88,383.13,FMLE,79,23,22,15,22,15,3028,39.09,15.13,20.57,0.5,804,0
,,,,,,,,,,,,,,,,,,,,,,,
,,,,,,,,,,,,,,,,,,,,,,,
Lithuania,LTU,EUR,624.53,1337.01,953.88,875.38,1337.01,953.88,383.13,BTSX,74,20,36,28,36,28,3028,39.09,15.13,20.57,0.5,804,0
,,,,,,,,,,,,,,,,,,,,,,,
,,,,,,,,,,,,,,,,,,,,,,,
Lithuania,LTU,EUR,624.53,1337.01,953.88,875.38,1337.01,953.88,383.13,MLE,68,17,50,42,50,42,3028,39.09,15.13,20.57,0.5,804,0
,,,,,,,,,,,,,,,,,,,,,,,
,,,,,,,,,,,,,,,,,,,,,,,
Luxembourg,LUX,EUR,7413.74,6876.09,5794.45,8797.64,6876.09,5794.45,1081.64,BTSX,82,24,NA,NA,NA,NA,524,39,17.46,19.15,-1.5,928,0.3
,,,,,,,,,,,,,,,,,,,,,,,
,,,,,,,,,,,,,,,,,,,,,,,
Luxembourg,LUX,EUR,7413.74,6876.09,5794.45,8797.64,6876.09,5794.45,1081.64,MLE,79,22,NA,NA,NA,NA,524,39,17.46,19.15,-1.5,928,0.3
,,,,,,,,,,,,,,,,,,,,,,,
,,,,,,,,,,,,,,,,,,,,,,,
Luxembourg,LUX,EUR,7413.74,6876.09,5794.45,8797.64,6876.09,5794.45,1081.64,FMLE,84,26,NA,NA,NA,NA,524,39,17.46,19.15,-1.5,928,0.3
,,,,,,,,,,,,,,,,,,,,,,,
,,,,,,,,,,,,,,,,,,,,,,,
Latvia,LVA,EUR,491.53,1178.68,689,840.88,1178.68,689,489.68,MLE,69,16,50,43,50,43,2060,41.44,14.57,24.24,0.6,785,0.7
,,,,,,,,,,,,,,,,,,,,,,,
,,,,,,,,,,,,,,,,,,,,,,,
Latvia,LVA,EUR,491.53,1178.68,689,840.88,1178.68,689,489.68,BTSX,74,20,36,29,36,29,2060,41.44,14.57,24.24,0.6,785,0.7
,,,,,,,,,,,,,,,,,,,,,,,
,,,,,,,,,,,,,,,,,,,,,,,
Latvia,LVA,EUR,491.53,1178.68,689,840.88,1178.68,689,489.68,FMLE,78,22,22,15,22,15,2060,41.44,14.57,24.24,0.6,785,0.7
,,,,,,,,,,,,,,,,,,,,,,,
,,,,,,,,,,,,,,,,,,,,,,,
Morocco,MAR,EMR,63.85,303.56,104.27,185.89,303.56,104.27,199.29,MLE,70,17,33,30,28,25,32521,26.7,27.85,7.61,-1.4,500,0.2
,,,,,,,,,,,,,,,,,,,,,,,
,,,,,,,,,,,,,,,,,,,,,,,
Morocco,MAR,EMR,63.85,303.56,104.27,185.89,303.56,104.27,199.29,FMLE,74,20,2,2,2,2,32521,26.7,27.85,7.61,-1.4,500,0.2
,,,,,,,,,,,,,,,,,,,,,,,
,,,,,,,,,,,,,,,,,,,,,,,
Morocco,MAR,EMR,63.85,303.56,104.27,185.89,303.56,104.27,199.29,BTSX,72,18,18,16,15,14,32521,26.7,27.85,7.61,-1.4,500,0.2
,,,,,,,,,,,,,,,,,,,,,,,
,,,,,,,,,,,,,,,,,,,,,,,
Monaco,MCO,EUR,6333.57,5913.2,5236.88,7151.52,5913.2,5236.88,676.32,BTSX,82,25,NA,NA,NA,NA,38,NA,18.26,23.82,-2.7,1038,NA
,,,,,,,,,,,,,,,,,,,,,,,
,,,,,,,,,,,,,,,,,,,,,,,
Monaco,MCO,EUR,6333.57,5913.2,5236.88,7151.52,5913.2,5236.88,676.32,MLE,79,23,NA,NA,NA,NA,38,NA,18.26,23.82,-2.7,1038,NA
,,,,,,,,,,,,,,,,,,,,,,,
,,,,,,,,,,,,,,,,,,,,,,,
Monaco,MCO,EUR,6333.57,5913.2,5236.88,7151.52,5913.2,5236.88,676.32,FMLE,85,27,NA,NA,NA,NA,38,NA,18.26,23.82,-2.7,1038,NA
,,,,,,,,,,,,,,,,,,,,,,,
,,,,,,,,,,,,,,,,,,,,,,,
Moldova,MDA,EUR,101.92,385.55,175.75,223.58,385.55,175.75,209.8,BTSX,71,18,24,20,24,20,3514,35.61,16.52,16.72,0.8,2479,0.5
,,,,,,,,,,,,,,,,,,,,,,,
,,,,,,,,,,,,,,,,,,,,,,,
Moldova,MDA,EUR,101.92,385.55,175.75,223.58,385.55,175.75,209.8,FMLE,75,19,5,4,5,4,3514,35.61,16.52,16.72,0.8,2479,0.5
,,,,,,,,,,,,,,,,,,,,,,,
,,,,,,,,,,,,,,,,,,,,,,,
Moldova,MDA,EUR,101.92,385.55,175.75,223.58,385.55,175.75,209.8,MLE,67,15,43,37,43,37,3514,35.61,16.52,16.72,0.8,2479,0.5
,,,,,,,,,,,,,,,,,,,,,,,
,,,,,,,,,,,,,,,,,,,,,,,
Madagascar,MDG,AFR,11.98,39.55,24.96,18.98,39.55,24.96,14.59,MLE,65,18,NA,NA,NA,NA,22294,18.3,42.72,4.45,-2.8,260,0.3
,,,,,,,,,,,,,,,,,,,,,,,
,,,,,,,,,,,,,,,,,,,,,,,
Madagascar,MDG,AFR,11.98,39.55,24.96,18.98,39.55,24.96,14.59,BTSX,66,18,NA,NA,NA,NA,22294,18.3,42.72,4.45,-2.8,260,0.3
,,,,,,,,,,,,,,,,,,,,,,,
,,,,,,,,,,,,,,,,,,,,,,,
Madagascar,MDG,AFR,11.98,39.55,24.96,18.98,39.55,24.96,14.59,FMLE,68,19,NA,NA,NA,NA,22294,18.3,42.72,4.45,-2.8,260,0.3
,,,,,,,,,,,,,,,,,,,,,,,
,,,,,,,,,,,,,,,,,,,,,,,
Maldives,MDV,SEAR,241.99,759.66,337.46,544.74,759.66,337.46,422.2,FMLE,78,20,11,9,7,5,338,24.53,29.03,6.65,-1.8,170,0
,,,,,,,,,,,,,,,,,,,,,,,
,,,,,,,,,,,,,,,,,,,,,,,
Maldives,MDV,SEAR,241.99,759.66,337.46,544.74,759.66,337.46,422.2,MLE,76,20,43,38,36,30,338,24.53,29.03,6.65,-1.8,170,0
,,,,,,,,,,,,,,,,,,,,,,,
,,,,,,,,,,,,,,,,,,,,,,,
Maldives,MDV,SEAR,241.99,759.66,337.46,544.74,759.66,337.46,422.2,BTSX,77,20,27,24,21,18,338,24.53,29.03,6.65,-1.8,170,0
,,,,,,,,,,,,,,,,,,,,,,,
,,,,,,,,,,,,,,,,,,,,,,,
Mexico,MEX,AMR,306.39,940.1,464.86,619.62,940.1,464.86,475.24,BTSX,75,21,16,8,16,8,121000,26.64,29.02,9.18,-1.7,371,0.3
,,,,,,,,,,,,,,,,,,,,,,,
,,,,,,,,,,,,,,,,,,,,,,,
Mexico,MEX,AMR,306.39,940.1,464.86,619.62,940.1,464.86,475.24,FMLE,78,22,8,4,7,4,121000,26.64,29.02,9.18,-1.7,371,0.3
,,,,,,,,,,,,,,,,,,,,,,,
,,,,,,,,,,,,,,,,,,,,,,,
Mexico,MEX,AMR,306.39,940.1,464.86,619.62,940.1,464.86,475.24,MLE,72,20,24,12,24,12,121000,26.64,29.02,9.18,-1.7,371,0.3
,,,,,,,,,,,,,,,,,,,,,,,
,,,,,,,,,,,,,,,,,,,,,,,
Marshall Islands,MHL,WPR,436.53,383.49,319.34,524.23,383.49,319.34,64.15,BTSX,60,12,21,17,21,17,53,NA,30.1,8.84,-1.9,NA,NA
,,,,,,,,,,,,,,,,,,,,,,,
,,,,,,,,,,,,,,,,,,,,,,,
Marshall Islands,MHL,WPR,436.53,383.49,319.34,524.23,383.49,319.34,64.15,FMLE,60,12,7,4,7,4,53,NA,30.1,8.84,-1.9,NA,NA
,,,,,,,,,,,,,,,,,,,,,,,
,,,,,,,,,,,,,,,,,,,,,,,
Marshall Islands,MHL,WPR,436.53,383.49,319.34,524.23,383.49,319.34,64.15,MLE,59,13,36,30,36,30,53,NA,30.1,8.84,-1.9,NA,NA
,,,,,,,,,,,,,,,,,,,,,,,
,,,,,,,,,,,,,,,,,,,,,,,
Macedonia,MKD,EUR,204.95,789.4,484.72,333.77,789.4,484.72,304.68,BTSX,75,19,NA,NA,NA,NA,2106,36.79,16.89,17.56,-0.1,1934,NA
,,,,,,,,,,,,,,,,,,,,,,,
,,,,,,,,,,,,,,,,,,,,,,,
Macedonia,MKD,EUR,204.95,789.4,484.72,333.77,789.4,484.72,304.68,MLE,73,18,NA,NA,NA,NA,2106,36.79,16.89,17.56,-0.1,1934,NA
,,,,,,,,,,,,,,,,,,,,,,,
,,,,,,,,,,,,,,,,,,,,,,,
Macedonia,MKD,EUR,204.95,789.4,484.72,333.77,789.4,484.72,304.68,FMLE,77,20,NA,NA,NA,NA,2106,36.79,16.89,17.56,-0.1,1934,NA
,,,,,,,,,,,,,,,,,,,,,,,
,,,,,,,,,,,,,,,,,,,,,,,
Mali,MLI,AFR,20.25,73.24,33.27,44.57,73.24,33.27,39.97,FMLE,53,14,2,2,0,0,14854,16.39,47.14,4.29,-3,127,1.1
,,,,,,,,,,,,,,,,,,,,,,,
,,,,,,,,,,,,,,,,,,,,,,,
Mali,MLI,AFR,20.25,73.24,33.27,44.57,73.24,33.27,39.97,MLE,50,13,28,26,22,19,14854,16.39,47.14,4.29,-3,127,1.1
,,,,,,,,,,,,,,,,,,,,,,,
,,,,,,,,,,,,,,,,,,,,,,,
Mali,MLI,AFR,20.25,73.24,33.27,44.57,73.24,33.27,39.97,BTSX,51,14,15,14,11,10,14854,16.39,47.14,4.29,-3,127,1.1
,,,,,,,,,,,,,,,,,,,,,,,
,,,,,,,,,,,,,,,,,,,,,,,
Malta,MLT,EUR,1213.79,2443.2,1563.3,1896.95,2443.2,1563.3,879.9,MLE,79,22,30,26,30,26,428,40.65,14.98,22.87,-0.5,1378,0.1
,,,,,,,,,,,,,,,,,,,,,,,
,,,,,,,,,,,,,,,,,,,,,,,
Malta,MLT,EUR,1213.79,2443.2,1563.3,1896.95,2443.2,1563.3,879.9,FMLE,82,24,21,18,21,18,428,40.65,14.98,22.87,-0.5,1378,0.1
,,,,,,,,,,,,,,,,,,,,,,,
,,,,,,,,,,,,,,,,,,,,,,,
Malta,MLT,EUR,1213.79,2443.2,1563.3,1896.95,2443.2,1563.3,879.9,BTSX,80,23,26,22,26,22,428,40.65,14.98,22.87,-0.5,1378,0.1
,,,,,,,,,,,,,,,,,,,,,,,
,,,,,,,,,,,,,,,,,,,,,,,
Myanmar,MMR,SEAR,2.92,27.86,3.61,22.54,27.86,3.61,24.25,MLE,63,16,40,31,35,26,52797,28.62,25.28,8.15,-0.8,189,0.6
,,,,,,,,,,,,,,,,,,,,,,,
,,,,,,,,,,,,,,,,,,,,,,,
Myanmar,MMR,SEAR,2.92,27.86,3.61,22.54,27.86,3.61,24.25,BTSX,65,17,24,18,20,15,52797,28.62,25.28,8.15,-0.8,189,0.6
,,,,,,,,,,,,,,,,,,,,,,,
,,,,,,,,,,,,,,,,,,,,,,,
Myanmar,MMR,SEAR,2.92,27.86,3.61,22.54,27.86,3.61,24.25,FMLE,67,17,8,6,5,4,52797,28.62,25.28,8.15,-0.8,189,0.6
,,,,,,,,,,,,,,,,,,,,,,,
,,,,,,,,,,,,,,,,,,,,,,,
Montenegro,MNE,EUR,444.57,1253.57,839.68,663.71,1253.57,839.68,413.89,BTSX,76,20,NA,NA,NA,NA,621,36.82,19.01,18.58,0,2157,NA
,,,,,,,,,,,,,,,,,,,,,,,
,,,,,,,,,,,,,,,,,,,,,,,
Montenegro,MNE,EUR,444.57,1253.57,839.68,663.71,1253.57,839.68,413.89,FMLE,78,21,NA,NA,NA,NA,621,36.82,19.01,18.58,0,2157,NA
,,,,,,,,,,,,,,,,,,,,,,,
,,,,,,,,,,,,,,,,,,,,,,,
Montenegro,MNE,EUR,444.57,1253.57,839.68,663.71,1253.57,839.68,413.89,MLE,73,18,NA,NA,NA,NA,621,36.82,19.01,18.58,0,2157,NA
,,,,,,,,,,,,,,,,,,,,,,,
,,,,,,,,,,,,,,,,,,,,,,,
Mongolia,MNG,WPR,92.11,250.5,143.58,160.7,250.5,143.58,106.92,FMLE,73,19,6,5,6,5,2796,26.4,27.05,5.8,-1.5,555,0
,,,,,,,,,,,,,,,,,,,,,,,
,,,,,,,,,,,,,,,,,,,,,,,
Mongolia,MNG,WPR,92.11,250.5,143.58,160.7,250.5,143.58,106.92,MLE,64,15,48,42,48,42,2796,26.4,27.05,5.8,-1.5,555,0
,,,,,,,,,,,,,,,,,,,,,,,
,,,,,,,,,,,,,,,,,,,,,,,
Mongolia,MNG,WPR,92.11,250.5,143.58,160.7,250.5,143.58,106.92,BTSX,68,17,27,24,27,24,2796,26.4,27.05,5.8,-1.5,555,0
,,,,,,,,,,,,,,,,,,,,,,,
,,,,,,,,,,,,,,,,,,,,,,,
Mozambique,MOZ,AFR,14.7,64.67,26.98,35.22,64.67,26.98,37.69,FMLE,53,17,2,1,1,0,25203,17.26,45.38,5.01,-2.5,200,11.3
,,,,,,,,,,,,,,,,,,,,,,,
,,,,,,,,,,,,,,,,,,,,,,,
Mozambique,MOZ,AFR,14.7,64.67,26.98,35.22,64.67,26.98,37.69,MLE,52,16,18,13,16,12,25203,17.26,45.38,5.01,-2.5,200,11.3
,,,,,,,,,,,,,,,,,,,,,,,
,,,,,,,,,,,,,,,,,,,,,,,
Mozambique,MOZ,AFR,14.7,64.67,26.98,35.22,64.67,26.98,37.69,BTSX,53,16,10,7,9,6,25203,17.26,45.38,5.01,-2.5,200,11.3
,,,,,,,,,,,,,,,,,,,,,,,
,,,,,,,,,,,,,,,,,,,,,,,
Mauritania,MRT,AFR,34.95,128.92,78.08,57.71,128.92,78.08,50.84,MLE,57,14,29,27,24,20,3796,19.71,40.22,4.94,-2.5,86,1.1
,,,,,,,,,,,,,,,,,,,,,,,
,,,,,,,,,,,,,,,,,,,,,,,
Mauritania,MRT,AFR,34.95,128.92,78.08,57.71,128.92,78.08,50.84,BTSX,59,14,17,15,12,10,3796,19.71,40.22,4.94,-2.5,86,1.1
,,,,,,,,,,,,,,,,,,,,,,,
,,,,,,,,,,,,,,,,,,,,,,,
Mauritania,MRT,AFR,34.95,128.92,78.08,57.71,128.92,78.08,50.84,FMLE,60,15,4,3,0,0,3796,19.71,40.22,4.94,-2.5,86,1.1
,,,,,,,,,,,,,,,,,,,,,,,
,,,,,,,,,,,,,,,,,,,,,,,
Mauritius,MUS,AFR,205.33,841.95,338.97,510,841.95,338.97,502.98,BTSX,74,20,16,13,16,13,1240,34.18,20.17,13.23,-0.4,787,1
,,,,,,,,,,,,,,,,,,,,,,,
,,,,,,,,,,,,,,,,,,,,,,,
Mauritius,MUS,AFR,205.33,841.95,338.97,510,841.95,338.97,502.98,FMLE,78,22,2,1,2,1,1240,34.18,20.17,13.23,-0.4,787,1
,,,,,,,,,,,,,,,,,,,,,,,
,,,,,,,,,,,,,,,,,,,,,,,
Mauritius,MUS,AFR,205.33,841.95,338.97,510,841.95,338.97,502.98,MLE,70,18,31,24,31,24,1240,34.18,20.17,13.23,-0.4,787,1
,,,,,,,,,,,,,,,,,,,,,,,
,,,,,,,,,,,,,,,,,,,,,,,
Malawi,MWI,AFR,22.71,76.99,56.53,30.93,76.99,56.53,20.46,BTSX,58,17,15,11,12,9,15906,17.06,45.44,4.92,-2.9,48,10
,,,,,,,,,,,,,,,,,,,,,,,
,,,,,,,,,,,,,,,,,,,,,,,
Malawi,MWI,AFR,22.71,76.99,56.53,30.93,76.99,56.53,20.46,MLE,57,16,26,20,23,17,15906,17.06,45.44,4.92,-2.9,48,10
,,,,,,,,,,,,,,,,,,,,,,,
,,,,,,,,,,,,,,,,,,,,,,,
Malawi,MWI,AFR,22.71,76.99,56.53,30.93,76.99,56.53,20.46,FMLE,58,18,4,3,2,1,15906,17.06,45.44,4.92,-2.9,48,10
,,,,,,,,,,,,,,,,,,,,,,,
,,,,,,,,,,,,,,,,,,,,,,,
Malaysia,MYS,WPR,158.05,558.58,255.16,346.01,558.58,255.16,303.42,MLE,72,18,50,41,46,36,29240,26.99,26.65,8.21,-1.7,539,0.4
,,,,,,,,,,,,,,,,,,,,,,,
,,,,,,,,,,,,,,,,,,,,,,,
Malaysia,MYS,WPR,158.05,558.58,255.16,346.01,558.58,255.16,303.42,FMLE,76,20,2,2,2,1,29240,26.99,26.65,8.21,-1.7,539,0.4
,,,,,,,,,,,,,,,,,,,,,,,
,,,,,,,,,,,,,,,,,,,,,,,
Malaysia,MYS,WPR,158.05,558.58,255.16,346.01,558.58,255.16,303.42,BTSX,74,19,26,21,24,19,29240,26.99,26.65,8.21,-1.7,539,0.4
,,,,,,,,,,,,,,,,,,,,,,,
,,,,,,,,,,,,,,,,,,,,,,,
Namibia,NAM,AFR,161.43,364.8,208.18,282.88,364.8,208.18,156.62,BTSX,65,18,20,15,18,13,2259,20.94,36.59,5.38,-1.8,534,13.4
,,,,,,,,,,,,,,,,,,,,,,,
,,,,,,,,,,,,,,,,,,,,,,,
Namibia,NAM,AFR,161.43,364.8,208.18,282.88,364.8,208.18,156.62,FMLE,66,19,9,7,8,6,2259,20.94,36.59,5.38,-1.8,534,13.4
,,,,,,,,,,,,,,,,,,,,,,,
,,,,,,,,,,,,,,,,,,,,,,,
Namibia,NAM,AFR,161.43,364.8,208.18,282.88,364.8,208.18,156.62,MLE,64,17,30,24,28,21,2259,20.94,36.59,5.38,-1.8,534,13.4
,,,,,,,,,,,,,,,,,,,,,,,
,,,,,,,,,,,,,,,,,,,,,,,
Niger,NER,AFR,11.09,39.32,21.68,20.11,39.32,21.68,17.64,BTSX,56,14,5,3,4,2,17157,15.04,49.99,4.26,-3.8,52,0.8
,,,,,,,,,,,,,,,,,,,,,,,
,,,,,,,,,,,,,,,,,,,,,,,
Niger,NER,AFR,11.09,39.32,21.68,20.11,39.32,21.68,17.64,FMLE,57,14,0,0,0,0,17157,15.04,49.99,4.26,-3.8,52,0.8
,,,,,,,,,,,,,,,,,,,,,,,
,,,,,,,,,,,,,,,,,,,,,,,
Niger,NER,AFR,11.09,39.32,21.68,20.11,39.32,21.68,17.64,MLE,55,14,9,6,7,5,17157,15.04,49.99,4.26,-3.8,52,0.8
,,,,,,,,,,,,,,,,,,,,,,,
,,,,,,,,,,,,,,,,,,,,,,,
Nigeria,NGA,AFR,29.19,139.45,51.17,79.56,139.45,51.17,88.28,BTSX,53,16,7,5,4,3,169000,17.84,44.23,4.49,-3,116,3.7
,,,,,,,,,,,,,,,,,,,,,,,
,,,,,,,,,,,,,,,,,,,,,,,
Nigeria,NGA,AFR,29.19,139.45,51.17,79.56,139.45,51.17,88.28,FMLE,54,16,3,2,0,0,169000,17.84,44.23,4.49,-3,116,3.7
,,,,,,,,,,,,,,,,,,,,,,,
,,,,,,,,,,,,,,,,,,,,,,,
Nigeria,NGA,AFR,29.19,139.45,51.17,79.56,139.45,51.17,88.28,MLE,52,15,10,8,8,5,169000,17.84,44.23,4.49,-3,116,3.7
,,,,,,,,,,,,,,,,,,,,,,,
,,,,,,,,,,,,,,,,,,,,,,,
Nicaragua,NIC,AMR,67.84,295.64,160.48,124.98,295.64,160.48,135.16,BTSX,73,21,NA,NA,NA,NA,5992,22.74,33.37,6.59,-1.5,377,0.2
,,,,,,,,,,,,,,,,,,,,,,,
,,,,,,,,,,,,,,,,,,,,,,,
Nicaragua,NIC,AMR,67.84,295.64,160.48,124.98,295.64,160.48,135.16,FMLE,76,22,NA,NA,NA,NA,5992,22.74,33.37,6.59,-1.5,377,0.2
,,,,,,,,,,,,,,,,,,,,,,,
,,,,,,,,,,,,,,,,,,,,,,,
Nicaragua,NIC,AMR,67.84,295.64,160.48,124.98,295.64,160.48,135.16,MLE,70,19,NA,NA,NA,NA,5992,22.74,33.37,6.59,-1.5,377,0.2
,,,,,,,,,,,,,,,,,,,,,,,
,,,,,,,,,,,,,,,,,,,,,,,
Niue,NIU,WPR,2171.13,3162.53,3135.94,2189.54,3162.53,3135.94,26.59,MLE,65,16,NA,NA,NA,NA,1,NA,30.61,9.07,0,NA,NA
,,,,,,,,,,,,,,,,,,,,,,,
,,,,,,,,,,,,,,,,,,,,,,,
Niue,NIU,WPR,2171.13,3162.53,3135.94,2189.54,3162.53,3135.94,26.59,FMLE,82,25,NA,NA,NA,NA,1,NA,30.61,9.07,0,NA,NA
,,,,,,,,,,,,,,,,,,,,,,,
,,,,,,,,,,,,,,,,,,,,,,,
Niue,NIU,WPR,2171.13,3162.53,3135.94,2189.54,3162.53,3135.94,26.59,BTSX,72,20,NA,NA,NA,NA,1,NA,30.61,9.07,0,NA,NA
,,,,,,,,,,,,,,,,,,,,,,,
,,,,,,,,,,,,,,,,,,,,,,,
Netherlands,NLD,EUR,5135.6,5122.55,4388.22,5994.99,5122.55,4388.22,734.33,MLE,79,22,31,23,28,26,16714,41.47,17.21,23.02,-0.3,801,0.2
,,,,,,,,,,,,,,,,,,,,,,,
,,,,,,,,,,,,,,,,,,,,,,,
Netherlands,NLD,EUR,5135.6,5122.55,4388.22,5994.99,5122.55,4388.22,734.33,BTSX,81,24,29,22,25,23,16714,41.47,17.21,23.02,-0.3,801,0.2
,,,,,,,,,,,,,,,,,,,,,,,
,,,,,,,,,,,,,,,,,,,,,,,
Netherlands,NLD,EUR,5135.6,5122.55,4388.22,5994.99,5122.55,4388.22,734.33,FMLE,83,25,26,21,22,20,16714,41.47,17.21,23.02,-0.3,801,0.2
,,,,,,,,,,,,,,,,,,,,,,,
,,,,,,,,,,,,,,,,,,,,,,,
Norway,NOR,EUR,7696.93,5673.76,4859.16,8987.26,5673.76,4859.16,814.6,BTSX,81,24,30,20,30,20,4994,38.88,18.64,21.41,-1,534,0.2
,,,,,,,,,,,,,,,,,,,,,,,
,,,,,,,,,,,,,,,,,,,,,,,
Norway,NOR,EUR,7696.93,5673.76,4859.16,8987.26,5673.76,4859.16,814.6,MLE,79,22,31,20,31,20,4994,38.88,18.64,21.41,-1,534,0.2
,,,,,,,,,,,,,,,,,,,,,,,
,,,,,,,,,,,,,,,,,,,,,,,
Norway,NOR,EUR,7696.93,5673.76,4859.16,8987.26,5673.76,4859.16,814.6,FMLE,83,26,28,19,28,19,4994,38.88,18.64,21.41,-1,534,0.2
,,,,,,,,,,,,,,,,,,,,,,,
,,,,,,,,,,,,,,,,,,,,,,,
Nepal,NPL,SEAR,12.98,68.33,26.86,33,68.33,26.86,41.47,BTSX,68,17,32,28,29,25,27474,22.02,35.58,7.65,-1.2,420,0.3
,,,,,,,,,,,,,,,,,,,,,,,
,,,,,,,,,,,,,,,,,,,,,,,
Nepal,NPL,SEAR,12.98,68.33,26.86,33,68.33,26.86,41.47,FMLE,69,18,29,25,28,25,27474,22.02,35.58,7.65,-1.2,420,0.3
,,,,,,,,,,,,,,,,,,,,,,,
,,,,,,,,,,,,,,,,,,,,,,,
Nepal,NPL,SEAR,12.98,68.33,26.86,33,68.33,26.86,41.47,MLE,67,16,36,30,30,24,27474,22.02,35.58,7.65,-1.2,420,0.3
,,,,,,,,,,,,,,,,,,,,,,,
,,,,,,,,,,,,,,,,,,,,,,,
Nauru,NRU,WPR,592.4,239.7,207.83,683.25,239.7,207.83,31.87,BTSX,71,17,49,47,49,47,10,NA,30.1,8.84,0,626,NA
,,,,,,,,,,,,,,,,,,,,,,,
,,,,,,,,,,,,,,,,,,,,,,,
Nauru,NRU,WPR,592.4,239.7,207.83,683.25,239.7,207.83,31.87,FMLE,76,19,50,50,50,50,10,NA,30.1,8.84,0,626,NA
,,,,,,,,,,,,,,,,,,,,,,,
,,,,,,,,,,,,,,,,,,,,,,,
Nauru,NRU,WPR,592.4,239.7,207.83,683.25,239.7,207.83,31.87,MLE,68,14,49,44,49,44,10,NA,30.1,8.84,0,626,NA
,,,,,,,,,,,,,,,,,,,,,,,
,,,,,,,,,,,,,,,,,,,,,,,
New Zealand,NZL,WPR,3050.58,3032.66,2523.81,3665.63,3032.66,2523.81,508.85,MLE,79,23,27,21,27,21,4460,36.85,20.26,19.01,-1,579,0.1
,,,,,,,,,,,,,,,,,,,,,,,
,,,,,,,,,,,,,,,,,,,,,,,
New Zealand,NZL,WPR,3050.58,3032.66,2523.81,3665.63,3032.66,2523.81,508.85,FMLE,83,26,24,19,24,19,4460,36.85,20.26,19.01,-1,579,0.1
,,,,,,,,,,,,,,,,,,,,,,,
,,,,,,,,,,,,,,,,,,,,,,,
New Zealand,NZL,WPR,3050.58,3032.66,2523.81,3665.63,3032.66,2523.81,508.85,BTSX,81,25,25,20,25,20,4460,36.85,20.26,19.01,-1,579,0.1
,,,,,,,,,,,,,,,,,,,,,,,
,,,,,,,,,,,,,,,,,,,,,,,
Oman,OMN,EMR,483.39,684.97,553.54,598.16,684.97,553.54,131.43,FMLE,76,19,0,0,0,0,3314,25.88,24.19,3.99,-9.1,852,0
,,,,,,,,,,,,,,,,,,,,,,,
,,,,,,,,,,,,,,,,,,,,,,,
Oman,OMN,EMR,483.39,684.97,553.54,598.16,684.97,553.54,131.43,MLE,70,15,12,7,9,5,3314,25.88,24.19,3.99,-9.1,852,0
,,,,,,,,,,,,,,,,,,,,,,,
,,,,,,,,,,,,,,,,,,,,,,,
Oman,OMN,EMR,483.39,684.97,553.54,598.16,684.97,553.54,131.43,BTSX,72,17,6,4,5,3,3314,25.88,24.19,3.99,-9.1,852,0
,,,,,,,,,,,,,,,,,,,,,,,
,,,,,,,,,,,,,,,,,,,,,,,
Pakistan,PAK,EMR,8.02,69.35,18.74,29.7,69.35,18.74,50.61,FMLE,68,18,6,5,3,2,179000,22.23,34.31,6.44,-1.7,468,0.1
,,,,,,,,,,,,,,,,,,,,,,,
,,,,,,,,,,,,,,,,,,,,,,,
Pakistan,PAK,EMR,8.02,69.35,18.74,29.7,69.35,18.74,50.61,MLE,66,17,34,29,28,22,179000,22.23,34.31,6.44,-1.7,468,0.1
,,,,,,,,,,,,,,,,,,,,,,,
,,,,,,,,,,,,,,,,,,,,,,,
Pakistan,PAK,EMR,8.02,69.35,18.74,29.7,69.35,18.74,50.61,BTSX,67,18,20,17,15,12,179000,22.23,34.31,6.44,-1.7,468,0.1
,,,,,,,,,,,,,,,,,,,,,,,
,,,,,,,,,,,,,,,,,,,,,,,
Panama,PAN,AMR,474.18,1283.76,866.4,702.6,1283.76,866.4,417.36,BTSX,77,23,11,NA,NA,NA,3802,27.64,28.65,10.13,-1.6,197,0.8
,,,,,,,,,,,,,,,,,,,,,,,
,,,,,,,,,,,,,,,,,,,,,,,
Panama,PAN,AMR,474.18,1283.76,866.4,702.6,1283.76,866.4,417.36,FMLE,80,24,4,NA,NA,NA,3802,27.64,28.65,10.13,-1.6,197,0.8
,,,,,,,,,,,,,,,,,,,,,,,
,,,,,,,,,,,,,,,,,,,,,,,
Panama,PAN,AMR,474.18,1283.76,866.4,702.6,1283.76,866.4,417.36,MLE,74,22,17,NA,NA,NA,3802,27.64,28.65,10.13,-1.6,197,0.8
,,,,,,,,,,,,,,,,,,,,,,,
,,,,,,,,,,,,,,,,,,,,,,,
Peru,PER,AMR,162.18,496.16,278.48,288.95,496.16,278.48,217.68,MLE,75,21,NA,NA,NA,NA,29988,26.16,29.18,9.12,-1.3,137,0.4
,,,,,,,,,,,,,,,,,,,,,,,
,,,,,,,,,,,,,,,,,,,,,,,
Peru,PER,AMR,162.18,496.16,278.48,288.95,496.16,278.48,217.68,BTSX,77,22,NA,NA,NA,NA,29988,26.16,29.18,9.12,-1.3,137,0.4
,,,,,,,,,,,,,,,,,,,,,,,
,,,,,,,,,,,,,,,,,,,,,,,
Peru,PER,AMR,162.18,496.16,278.48,288.95,496.16,278.48,217.68,FMLE,78,23,9,3,9,3,29988,26.16,29.18,9.12,-1.3,137,0.4
,,,,,,,,,,,,,,,,,,,,,,,
,,,,,,,,,,,,,,,,,,,,,,,
Philippines,PHL,WPR,32.17,168.62,56.2,96.51,168.62,56.2,112.42,FMLE,73,19,10,8,10,8,96707,22.74,34.53,6.21,-1.7,838,0
,,,,,,,,,,,,,,,,,,,,,,,
,,,,,,,,,,,,,,,,,,,,,,,
Philippines,PHL,WPR,32.17,168.62,56.2,96.51,168.62,56.2,112.42,BTSX,69,18,29,23,28,23,96707,22.74,34.53,6.21,-1.7,838,0
,,,,,,,,,,,,,,,,,,,,,,,
,,,,,,,,,,,,,,,,,,,,,,,
Philippines,PHL,WPR,32.17,168.62,56.2,96.51,168.62,56.2,112.42,MLE,66,16,47,38,47,38,96707,22.74,34.53,6.21,-1.7,838,0
,,,,,,,,,,,,,,,,,,,,,,,
,,,,,,,,,,,,,,,,,,,,,,,
Palau,PLW,WPR,694.78,1599.6,1195.64,929.52,1599.6,1195.64,403.96,BTSX,72,19,23,19,23,19,21,NA,30.1,8.84,0,NA,NA
,,,,,,,,,,,,,,,,,,,,,,,
,,,,,,,,,,,,,,,,,,,,,,,
Palau,PLW,WPR,694.78,1599.6,1195.64,929.52,1599.6,1195.64,403.96,FMLE,77,22,9,7,9,7,21,NA,30.1,8.84,0,NA,NA
,,,,,,,,,,,,,,,,,,,,,,,
,,,,,,,,,,,,,,,,,,,,,,,
Palau,PLW,WPR,694.78,1599.6,1195.64,929.52,1599.6,1195.64,403.96,MLE,68,16,37,31,37,31,21,NA,30.1,8.84,0,NA,NA
,,,,,,,,,,,,,,,,,,,,,,,
,,,,,,,,,,,,,,,,,,,,,,,
Papua New Guinea,PNG,WPR,62.32,115.22,91.05,78.87,115.22,91.05,24.17,FMLE,65,17,31,27,31,27,7167,20.72,38.37,4.79,-2.2,670,0.7
,,,,,,,,,,,,,,,,,,,,,,,
,,,,,,,,,,,,,,,,,,,,,,,
Papua New Guinea,PNG,WPR,62.32,115.22,91.05,78.87,115.22,91.05,24.17,MLE,61,13,58,54,58,54,7167,20.72,38.37,4.79,-2.2,670,0.7
,,,,,,,,,,,,,,,,,,,,,,,
,,,,,,,,,,,,,,,,,,,,,,,
Papua New Guinea,PNG,WPR,62.32,115.22,91.05,78.87,115.22,91.05,24.17,BTSX,63,15,44,41,44,41,7167,20.72,38.37,4.79,-2.2,670,0.7
,,,,,,,,,,,,,,,,,,,,,,,
,,,,,,,,,,,,,,,,,,,,,,,
Poland,POL,EUR,640.3,1422.7,1013.32,898.98,1422.7,1013.32,409.38,BTSX,76,21,31,27,31,27,38211,38.55,14.91,20.48,0,1586,0.1
,,,,,,,,,,,,,,,,,,,,,,,
,,,,,,,,,,,,,,,,,,,,,,,
Poland,POL,EUR,640.3,1422.7,1013.32,898.98,1422.7,1013.32,409.38,MLE,72,18,36,33,36,33,38211,38.55,14.91,20.48,0,1586,0.1
,,,,,,,,,,,,,,,,,,,,,,,
,,,,,,,,,,,,,,,,,,,,,,,
Poland,POL,EUR,640.3,1422.7,1013.32,898.98,1422.7,1013.32,409.38,FMLE,81,23,25,22,25,22,38211,38.55,14.91,20.48,0,1586,0.1
,,,,,,,,,,,,,,,,,,,,,,,
,,,,,,,,,,,,,,,,,,,,,,,
North Korea,PRK,SEAR,NA,NA,NA,NA,NA,NA,NA,FMLE,72,19,NA,NA,NA,NA,24763,33.4,21.98,12.74,-0.5,650,0
,,,,,,,,,,,,,,,,,,,,,,,
,,,,,,,,,,,,,,,,,,,,,,,
North Korea,PRK,SEAR,NA,NA,NA,NA,NA,NA,NA,BTSX,69,17,NA,NA,NA,NA,24763,33.4,21.98,12.74,-0.5,650,0
,,,,,,,,,,,,,,,,,,,,,,,
,,,,,,,,,,,,,,,,,,,,,,,
North Korea,PRK,SEAR,NA,NA,NA,NA,NA,NA,NA,MLE,65,14,NA,NA,NA,NA,24763,33.4,21.98,12.74,-0.5,650,0
,,,,,,,,,,,,,,,,,,,,,,,
,,,,,,,,,,,,,,,,,,,,,,,
Portugal,PRT,EUR,1480.04,2624.38,1681.02,2310.62,2624.38,1681.02,943.36,MLE,77,21,32,28,32,28,10604,41.81,14.92,24.39,-0.1,1114,0.7
,,,,,,,,,,,,,,,,,,,,,,,
,,,,,,,,,,,,,,,,,,,,,,,
Portugal,PRT,EUR,1480.04,2624.38,1681.02,2310.62,2624.38,1681.02,943.36,BTSX,80,23,24,20,24,20,10604,41.81,14.92,24.39,-0.1,1114,0.7
,,,,,,,,,,,,,,,,,,,,,,,
,,,,,,,,,,,,,,,,,,,,,,,
Portugal,PRT,EUR,1480.04,2624.38,1681.02,2310.62,2624.38,1681.02,943.36,FMLE,83,25,16,13,16,13,10604,41.81,14.92,24.39,-0.1,1114,0.7
,,,,,,,,,,,,,,,,,,,,,,,
,,,,,,,,,,,,,,,,,,,,,,,
Paraguay,PRY,AMR,135.71,526.47,203.02,351.91,526.47,203.02,323.45,FMLE,78,23,14,7,13,6,6687,23.59,32.78,8.01,-1.7,619,0.3
,,,,,,,,,,,,,,,,,,,,,,,
,,,,,,,,,,,,,,,,,,,,,,,
Paraguay,PRY,AMR,135.71,526.47,203.02,351.91,526.47,203.02,323.45,BTSX,75,21,22,15,21,14,6687,23.59,32.78,8.01,-1.7,619,0.3
,,,,,,,,,,,,,,,,,,,,,,,
,,,,,,,,,,,,,,,,,,,,,,,
Paraguay,PRY,AMR,135.71,526.47,203.02,351.91,526.47,203.02,323.45,MLE,72,20,30,22,29,21,6687,23.59,32.78,8.01,-1.7,619,0.3
,,,,,,,,,,,,,,,,,,,,,,,
,,,,,,,,,,,,,,,,,,,,,,,
Qatar,QAT,EMR,1396.07,1707.2,1342.01,1775.98,1707.2,1342.01,365.19,BTSX,82,25,NA,NA,NA,NA,2051,31.64,13.28,1.73,-7.1,281,NA
,,,,,,,,,,,,,,,,,,,,,,,
,,,,,,,,,,,,,,,,,,,,,,,
Qatar,QAT,EMR,1396.07,1707.2,1342.01,1775.98,1707.2,1342.01,365.19,FMLE,81,24,NA,NA,NA,NA,2051,31.64,13.28,1.73,-7.1,281,NA
,,,,,,,,,,,,,,,,,,,,,,,
,,,,,,,,,,,,,,,,,,,,,,,
Qatar,QAT,EMR,1396.07,1707.2,1342.01,1775.98,1707.2,1342.01,365.19,MLE,83,27,NA,NA,NA,NA,2051,31.64,13.28,1.73,-7.1,281,NA
,,,,,,,,,,,,,,,,,,,,,,,
,,,,,,,,,,,,,,,,,,,,,,,
Romania,ROU,EUR,400.91,901.48,723.24,499.72,901.48,723.24,178.24,MLE,70,17,46,39,46,39,21755,39.09,15.05,20.66,0.2,1404,0.1
,,,,,,,,,,,,,,,,,,,,,,,
,,,,,,,,,,,,,,,,,,,,,,,
Romania,ROU,EUR,400.91,901.48,723.24,499.72,901.48,723.24,178.24,BTSX,74,20,35,29,35,29,21755,39.09,15.05,20.66,0.2,1404,0.1
,,,,,,,,,,,,,,,,,,,,,,,
,,,,,,,,,,,,,,,,,,,,,,,
Romania,ROU,EUR,400.91,901.48,723.24,499.72,901.48,723.24,178.24,FMLE,78,22,24,19,24,19,21755,39.09,15.05,20.66,0.2,1404,0.1
,,,,,,,,,,,,,,,,,,,,,,,
,,,,,,,,,,,,,,,,,,,,,,,
Russian Federation,RUS,EUR,481.77,1316.32,786.12,806.7,1316.32,786.12,530.2,FMLE,75,20,24,18,24,18,143000,38.22,15.45,18.6,0,2786,0
,,,,,,,,,,,,,,,,,,,,,,,
,,,,,,,,,,,,,,,,,,,,,,,
Russian Federation,RUS,EUR,481.77,1316.32,786.12,806.7,1316.32,786.12,530.2,MLE,63,14,59,54,59,53,143000,38.22,15.45,18.6,0,2786,0
,,,,,,,,,,,,,,,,,,,,,,,
,,,,,,,,,,,,,,,,,,,,,,,
Russian Federation,RUS,EUR,481.77,1316.32,786.12,806.7,1316.32,786.12,530.2,BTSX,69,18,42,36,41,36,143000,38.22,15.45,18.6,0,2786,0
,,,,,,,,,,,,,,,,,,,,,,,
,,,,,,,,,,,,,,,,,,,,,,,
Rwanda,RWA,AFR,35.58,134.64,76.38,62.72,134.64,76.38,58.26,FMLE,61,17,NA,NA,NA,NA,11458,18.05,43.56,3.94,-2.8,94,2.9
,,,,,,,,,,,,,,,,,,,,,,,
,,,,,,,,,,,,,,,,,,,,,,,
Rwanda,RWA,AFR,35.58,134.64,76.38,62.72,134.64,76.38,58.26,MLE,58,16,NA,NA,NA,NA,11458,18.05,43.56,3.94,-2.8,94,2.9
,,,,,,,,,,,,,,,,,,,,,,,
,,,,,,,,,,,,,,,,,,,,,,,
Rwanda,RWA,AFR,35.58,134.64,76.38,62.72,134.64,76.38,58.26,BTSX,60,16,NA,NA,NA,NA,11458,18.05,43.56,3.94,-2.8,94,2.9
,,,,,,,,,,,,,,,,,,,,,,,
,,,,,,,,,,,,,,,,,,,,,,,
Saudi Arabia,SAU,EMR,522.3,901.36,621.32,757.72,901.36,621.32,280.04,MLE,74,17,24,18,19,13,28288,27.03,29.69,4.59,-1.9,809,NA
,,,,,,,,,,,,,,,,,,,,,,,
,,,,,,,,,,,,,,,,,,,,,,,
Saudi Arabia,SAU,EMR,522.3,901.36,621.32,757.72,901.36,621.32,280.04,BTSX,76,20,12,9,10,7,28288,27.03,29.69,4.59,-1.9,809,NA
,,,,,,,,,,,,,,,,,,,,,,,
,,,,,,,,,,,,,,,,,,,,,,,
Saudi Arabia,SAU,EMR,522.3,901.36,621.32,757.72,901.36,621.32,280.04,FMLE,80,22,1,0,0,0,28288,27.03,29.69,4.59,-1.9,809,NA
,,,,,,,,,,,,,,,,,,,,,,,
,,,,,,,,,,,,,,,,,,,,,,,
Sudan,SDN,EMR,29.4,179.55,50.98,103.53,179.55,50.98,128.57,MLE,60,17,24,22,21,19,37195,19.02,41.48,4.99,-2.1,75,0.4
,,,,,,,,,,,,,,,,,,,,,,,
,,,,,,,,,,,,,,,,,,,,,,,
Sudan,SDN,EMR,29.4,179.55,50.98,103.53,179.55,50.98,128.57,BTSX,62,17,13,12,11,10,37195,19.02,41.48,4.99,-2.1,75,0.4
,,,,,,,,,,,,,,,,,,,,,,,
,,,,,,,,,,,,,,,,,,,,,,,
Sudan,SDN,EMR,29.4,179.55,50.98,103.53,179.55,50.98,128.57,FMLE,64,18,2,2,1,1,37195,19.02,41.48,4.99,-2.1,75,0.4
,,,,,,,,,,,,,,,,,,,,,,,
,,,,,,,,,,,,,,,,,,,,,,,
Senegal,SEN,AFR,39.05,118.5,69.1,66.97,118.5,69.1,49.4,MLE,60,13,16,13,12,9,13726,18.01,43.54,4.57,-2.9,398,0.7
,,,,,,,,,,,,,,,,,,,,,,,
,,,,,,,,,,,,,,,,,,,,,,,
Senegal,SEN,AFR,39.05,118.5,69.1,66.97,118.5,69.1,49.4,BTSX,61,13,8,7,6,5,13726,18.01,43.54,4.57,-2.9,398,0.7
,,,,,,,,,,,,,,,,,,,,,,,
,,,,,,,,,,,,,,,,,,,,,,,
Senegal,SEN,AFR,39.05,118.5,69.1,66.97,118.5,69.1,49.4,FMLE,62,14,0,0,0,0,13726,18.01,43.54,4.57,-2.9,398,0.7
,,,,,,,,,,,,,,,,,,,,,,,
,,,,,,,,,,,,,,,,,,,,,,,
Singapore,SGP,WPR,709.23,2786.96,864.51,2286.38,2786.96,864.51,1922.45,BTSX,82,25,21,15,19,13,5303,37.88,16.48,15.13,-2.1,547,0.1
,,,,,,,,,,,,,,,,,,,,,,,
,,,,,,,,,,,,,,,,,,,,,,,
Singapore,SGP,WPR,709.23,2786.96,864.51,2286.38,2786.96,864.51,1922.45,FMLE,85,26,6,4,5,4,5303,37.88,16.48,15.13,-2.1,547,0.1
,,,,,,,,,,,,,,,,,,,,,,,
,,,,,,,,,,,,,,,,,,,,,,,
Singapore,SGP,WPR,709.23,2786.96,864.51,2286.38,2786.96,864.51,1922.45,MLE,80,23,35,25,33,23,5303,37.88,16.48,15.13,-2.1,547,0.1
,,,,,,,,,,,,,,,,,,,,,,,
,,,,,,,,,,,,,,,,,,,,,,,
Solomon Islands,SLB,WPR,127.01,259.86,246.33,133.99,259.86,246.33,13.53,BTSX,70,17,32,27,32,27,550,19.62,40.37,5.1,-2.2,18,NA
,,,,,,,,,,,,,,,,,,,,,,,
,,,,,,,,,,,,,,,,,,,,,,,
Solomon Islands,SLB,WPR,127.01,259.86,246.33,133.99,259.86,246.33,13.53,MLE,68,16,46,41,46,41,550,19.62,40.37,5.1,-2.2,18,NA
,,,,,,,,,,,,,,,,,,,,,,,
,,,,,,,,,,,,,,,,,,,,,,,
Solomon Islands,SLB,WPR,127.01,259.86,246.33,133.99,259.86,246.33,13.53,FMLE,71,18,19,14,19,14,550,19.62,40.37,5.1,-2.2,18,NA
,,,,,,,,,,,,,,,,,,,,,,,
,,,,,,,,,,,,,,,,,,,,,,,
Sierra Leone,SLE,AFR,12.34,165.24,29.74,68.54,165.24,29.74,135.5,FMLE,47,10,8,7,1,0,5979,18.98,41.74,4.41,-1.9,177,1.6
,,,,,,,,,,,,,,,,,,,,,,,
,,,,,,,,,,,,,,,,,,,,,,,
Sierra Leone,SLE,AFR,12.34,165.24,29.74,68.54,165.24,29.74,135.5,MLE,46,11,39,37,30,27,5979,18.98,41.74,4.41,-1.9,177,1.6
,,,,,,,,,,,,,,,,,,,,,,,
,,,,,,,,,,,,,,,,,,,,,,,
Sierra Leone,SLE,AFR,12.34,165.24,29.74,68.54,165.24,29.74,135.5,BTSX,47,11,23,22,16,14,5979,18.98,41.74,4.41,-1.9,177,1.6
,,,,,,,,,,,,,,,,,,,,,,,
,,,,,,,,,,,,,,,,,,,,,,,
El Salvador,SLV,AMR,158.99,466.57,295.36,251.14,466.57,295.36,171.21,MLE,68,20,NA,NA,NA,NA,6297,23.78,30.62,9.64,-0.7,209,0.6
,,,,,,,,,,,,,,,,,,,,,,,
,,,,,,,,,,,,,,,,,,,,,,,
El Salvador,SLV,AMR,158.99,466.57,295.36,251.14,466.57,295.36,171.21,FMLE,76,22,NA,NA,NA,NA,6297,23.78,30.62,9.64,-0.7,209,0.6
,,,,,,,,,,,,,,,,,,,,,,,
,,,,,,,,,,,,,,,,,,,,,,,
El Salvador,SLV,AMR,158.99,466.57,295.36,251.14,466.57,295.36,171.21,BTSX,72,21,NA,NA,NA,NA,6297,23.78,30.62,9.64,-0.7,209,0.6
,,,,,,,,,,,,,,,,,,,,,,,
,,,,,,,,,,,,,,,,,,,,,,,
San Marino,SMR,EUR,3049.87,3279.43,2778.15,3600.18,3279.43,2778.15,501.28,BTSX,83,25,NA,NA,NA,NA,31,NA,14.04,26.97,0,NA,NA
,,,,,,,,,,,,,,,,,,,,,,,
,,,,,,,,,,,,,,,,,,,,,,,
San Marino,SMR,EUR,3049.87,3279.43,2778.15,3600.18,3279.43,2778.15,501.28,FMLE,83,25,NA,NA,NA,NA,31,NA,14.04,26.97,0,NA,NA
,,,,,,,,,,,,,,,,,,,,,,,
,,,,,,,,,,,,,,,,,,,,,,,
San Marino,SMR,EUR,3049.87,3279.43,2778.15,3600.18,3279.43,2778.15,501.28,MLE,82,24,NA,NA,NA,NA,31,NA,14.04,26.97,0,NA,NA
,,,,,,,,,,,,,,,,,,,,,,,
,,,,,,,,,,,,,,,,,,,,,,,
Somalia,SOM,EMR,NA,NA,NA,NA,NA,NA,NA,FMLE,52,16,NA,NA,NA,NA,10195,16.25,47.35,4.46,-2.9,67,0.7
,,,,,,,,,,,,,,,,,,,,,,,
,,,,,,,,,,,,,,,,,,,,,,,
Somalia,SOM,EMR,NA,NA,NA,NA,NA,NA,NA,BTSX,50,15,NA,NA,NA,NA,10195,16.25,47.35,4.46,-2.9,67,0.7
,,,,,,,,,,,,,,,,,,,,,,,
,,,,,,,,,,,,,,,,,,,,,,,
Somalia,SOM,EMR,NA,NA,NA,NA,NA,NA,NA,MLE,48,15,NA,NA,NA,NA,10195,16.25,47.35,4.46,-2.9,67,0.7
,,,,,,,,,,,,,,,,,,,,,,,
,,,,,,,,,,,,,,,,,,,,,,,
Serbia,SRB,EUR,386.63,1195.22,742.87,622.05,1195.22,742.87,452.35,MLE,72,17,38,33,38,33,9553,38.38,16.45,20.52,0.5,2861,0
,,,,,,,,,,,,,,,,,,,,,,,
,,,,,,,,,,,,,,,,,,,,,,,
Serbia,SRB,EUR,386.63,1195.22,742.87,622.05,1195.22,742.87,452.35,FMLE,77,20,27,24,27,24,9553,38.38,16.45,20.52,0.5,2861,0
,,,,,,,,,,,,,,,,,,,,,,,
,,,,,,,,,,,,,,,,,,,,,,,
Serbia,SRB,EUR,386.63,1195.22,742.87,622.05,1195.22,742.87,452.35,BTSX,74,19,32,29,32,29,9553,38.38,16.45,20.52,0.5,2861,0
,,,,,,,,,,,,,,,,,,,,,,,
,,,,,,,,,,,,,,,,,,,,,,,
South Sudan,SSD,EMR,13.46,NA,NA,32.47,NA,NA,NA,FMLE,55,17,NA,NA,NA,NA,10838,18.52,42.28,5.26,-4.3,NA,3.1
,,,,,,,,,,,,,,,,,,,,,,,
,,,,,,,,,,,,,,,,,,,,,,,
South Sudan,SSD,EMR,13.46,NA,NA,32.47,NA,NA,NA,MLE,53,16,NA,NA,NA,NA,10838,18.52,42.28,5.26,-4.3,NA,3.1
,,,,,,,,,,,,,,,,,,,,,,,
,,,,,,,,,,,,,,,,,,,,,,,
South Sudan,SSD,EMR,13.46,NA,NA,32.47,NA,NA,NA,BTSX,54,16,NA,NA,NA,NA,10838,18.52,42.28,5.26,-4.3,NA,3.1
,,,,,,,,,,,,,,,,,,,,,,,
,,,,,,,,,,,,,,,,,,,,,,,
Sao Tome and Principe ,STP,AFR,39.02,164.06,54.51,117.44,164.06,54.51,109.55,MLE,62,17,9,6,8,5,188,19.13,41.6,4.76,-2.7,69,1
,,,,,,,,,,,,,,,,,,,,,,,
,,,,,,,,,,,,,,,,,,,,,,,
Sao Tome and Principe ,STP,AFR,39.02,164.06,54.51,117.44,164.06,54.51,109.55,BTSX,63,18,5,4,5,3,188,19.13,41.6,4.76,-2.7,69,1
,,,,,,,,,,,,,,,,,,,,,,,
,,,,,,,,,,,,,,,,,,,,,,,
Sao Tome and Principe ,STP,AFR,39.02,164.06,54.51,117.44,164.06,54.51,109.55,FMLE,65,18,2,0,0,0,188,19.13,41.6,4.76,-2.7,69,1
,,,,,,,,,,,,,,,,,,,,,,,
,,,,,,,,,,,,,,,,,,,,,,,
Suriname,SUR,AMR,244.08,540.88,287.62,459,540.88,287.62,253.26,FMLE,76,22,NA,NA,NA,NA,535,28.18,27.83,9.55,-0.9,57,1
,,,,,,,,,,,,,,,,,,,,,,,
,,,,,,,,,,,,,,,,,,,,,,,
Suriname,SUR,AMR,244.08,540.88,287.62,459,540.88,287.62,253.26,MLE,69,18,NA,NA,NA,NA,535,28.18,27.83,9.55,-0.9,57,1
,,,,,,,,,,,,,,,,,,,,,,,
,,,,,,,,,,,,,,,,,,,,,,,
Suriname,SUR,AMR,244.08,540.88,287.62,459,540.88,287.62,253.26,BTSX,72,20,NA,NA,NA,NA,535,28.18,27.83,9.55,-0.9,57,1
,,,,,,,,,,,,,,,,,,,,,,,
,,,,,,,,,,,,,,,,,,,,,,,
Slovakia,SVK,EUR,977.97,2087.9,1331.24,1533.83,2087.9,1331.24,756.66,FMLE,80,23,19,15,19,15,5446,37.87,15,18.6,-0.1,1403,0
,,,,,,,,,,,,,,,,,,,,,,,
,,,,,,,,,,,,,,,,,,,,,,,
Slovakia,SVK,EUR,977.97,2087.9,1331.24,1533.83,2087.9,1331.24,756.66,MLE,72,18,39,32,39,32,5446,37.87,15,18.6,-0.1,1403,0
,,,,,,,,,,,,,,,,,,,,,,,
,,,,,,,,,,,,,,,,,,,,,,,
Slovakia,SVK,EUR,977.97,2087.9,1331.24,1533.83,2087.9,1331.24,756.66,BTSX,76,20,29,23,29,23,5446,37.87,15,18.6,-0.1,1403,0
,,,,,,,,,,,,,,,,,,,,,,,
,,,,,,,,,,,,,,,,,,,,,,,
Slovenia,SVN,EUR,1614.97,2518.87,1833.62,2218.5,2518.87,1833.62,685.25,FMLE,83,25,22,18,22,18,2068,42.1,14.16,23.16,-0.3,2369,0
,,,,,,,,,,,,,,,,,,,,,,,
,,,,,,,,,,,,,,,,,,,,,,,
Slovenia,SVN,EUR,1614.97,2518.87,1833.62,2218.5,2518.87,1833.62,685.25,MLE,77,21,30,26,30,26,2068,42.1,14.16,23.16,-0.3,2369,0
,,,,,,,,,,,,,,,,,,,,,,,
,,,,,,,,,,,,,,,,,,,,,,,
Slovenia,SVN,EUR,1614.97,2518.87,1833.62,2218.5,2518.87,1833.62,685.25,BTSX,80,23,26,22,26,22,2068,42.1,14.16,23.16,-0.3,2369,0
,,,,,,,,,,,,,,,,,,,,,,,
,,,,,,,,,,,,,,,,,,,,,,,
Sweden,SWE,EUR,4314.47,3869.51,3131.8,5330.77,3869.51,3131.8,737.71,FMLE,84,25,NA,NA,NA,NA,9511,40.91,16.71,25.32,-0.7,715,0.2
,,,,,,,,,,,,,,,,,,,,,,,
,,,,,,,,,,,,,,,,,,,,,,,
Sweden,SWE,EUR,4314.47,3869.51,3131.8,5330.77,3869.51,3131.8,737.71,BTSX,82,24,NA,NA,NA,NA,9511,40.91,16.71,25.32,-0.7,715,0.2
,,,,,,,,,,,,,,,,,,,,,,,
,,,,,,,,,,,,,,,,,,,,,,,
Sweden,SWE,EUR,4314.47,3869.51,3131.8,5330.77,3869.51,3131.8,737.71,MLE,80,23,NA,NA,NA,NA,9511,40.91,16.71,25.32,-0.7,715,0.2
,,,,,,,,,,,,,,,,,,,,,,,
,,,,,,,,,,,,,,,,,,,,,,,
Swaziland,SWZ,AFR,183.83,433.51,300.94,264.81,433.51,300.94,132.57,FMLE,51,17,2,0,2,0,1231,19.82,38.05,5.34,-1.6,303,26
,,,,,,,,,,,,,,,,,,,,,,,
,,,,,,,,,,,,,,,,,,,,,,,
Swaziland,SWZ,AFR,183.83,433.51,300.94,264.81,433.51,300.94,132.57,BTSX,50,16,9,6,8,5,1231,19.82,38.05,5.34,-1.6,303,26
,,,,,,,,,,,,,,,,,,,,,,,
,,,,,,,,,,,,,,,,,,,,,,,
Swaziland,SWZ,AFR,183.83,433.51,300.94,264.81,433.51,300.94,132.57,MLE,49,15,16,11,14,9,1231,19.82,38.05,5.34,-1.6,303,26
,,,,,,,,,,,,,,,,,,,,,,,
,,,,,,,,,,,,,,,,,,,,,,,
Seychelles,SYC,AFR,403.77,989.37,910.87,438.56,989.37,910.87,78.5,FMLE,78,23,5,3,2,1,92,32.26,21.95,10.05,0,565,NA
,,,,,,,,,,,,,,,,,,,,,,,
,,,,,,,,,,,,,,,,,,,,,,,
Seychelles,SYC,AFR,403.77,989.37,910.87,438.56,989.37,910.87,78.5,BTSX,74,20,14,11,12,9,92,32.26,21.95,10.05,0,565,NA
,,,,,,,,,,,,,,,,,,,,,,,
,,,,,,,,,,,,,,,,,,,,,,,
Seychelles,SYC,AFR,403.77,989.37,910.87,438.56,989.37,910.87,78.5,MLE,69,17,24,19,21,16,92,32.26,21.95,10.05,0,565,NA
,,,,,,,,,,,,,,,,,,,,,,,
,,,,,,,,,,,,,,,,,,,,,,,
Syrian Arab Republic,SYR,EMR,49.52,189.5,92.86,101.06,189.5,92.86,96.64,MLE,73,19,42,40,35,33,21890,22.21,35.35,6.09,-0.4,1013,NA
,,,,,,,,,,,,,,,,,,,,,,,
,,,,,,,,,,,,,,,,,,,,,,,
Syrian Arab Republic,SYR,EMR,49.52,189.5,92.86,101.06,189.5,92.86,96.64,FMLE,77,21,NA,NA,NA,NA,21890,22.21,35.35,6.09,-0.4,1013,NA
,,,,,,,,,,,,,,,,,,,,,,,
,,,,,,,,,,,,,,,,,,,,,,,
Syrian Arab Republic,SYR,EMR,49.52,189.5,92.86,101.06,189.5,92.86,96.64,BTSX,75,20,NA,NA,NA,NA,21890,22.21,35.35,6.09,-0.4,1013,NA
,,,,,,,,,,,,,,,,,,,,,,,
,,,,,,,,,,,,,,,,,,,,,,,
Chad,TCD,AFR,9.55,65.48,17.76,35.2,65.48,17.76,47.72,BTSX,51,15,13,11,10,8,12448,15.7,48.52,3.8,-3,86,3.1
,,,,,,,,,,,,,,,,,,,,,,,
,,,,,,,,,,,,,,,,,,,,,,,
Chad,TCD,AFR,9.55,65.48,17.76,35.2,65.48,17.76,47.72,MLE,50,14,22,19,18,14,12448,15.7,48.52,3.8,-3,86,3.1
,,,,,,,,,,,,,,,,,,,,,,,
,,,,,,,,,,,,,,,,,,,,,,,
Chad,TCD,AFR,9.55,65.48,17.76,35.2,65.48,17.76,47.72,FMLE,53,16,3,2,2,0,12448,15.7,48.52,3.8,-3,86,3.1
,,,,,,,,,,,,,,,,,,,,,,,
,,,,,,,,,,,,,,,,,,,,,,,
Togo,TGO,AFR,23.45,80.1,41.84,44.88,80.1,41.84,38.26,MLE,55,16,NA,NA,NA,NA,6643,18.82,41.89,4.44,-2.6,307,3.4
,,,,,,,,,,,,,,,,,,,,,,,
,,,,,,,,,,,,,,,,,,,,,,,
Togo,TGO,AFR,23.45,80.1,41.84,44.88,80.1,41.84,38.26,BTSX,56,17,NA,NA,NA,NA,6643,18.82,41.89,4.44,-2.6,307,3.4
,,,,,,,,,,,,,,,,,,,,,,,
,,,,,,,,,,,,,,,,,,,,,,,
Togo,TGO,AFR,23.45,80.1,41.84,44.88,80.1,41.84,38.26,FMLE,58,17,NA,NA,NA,NA,6643,18.82,41.89,4.44,-2.6,307,3.4
,,,,,,,,,,,,,,,,,,,,,,,
,,,,,,,,,,,,,,,,,,,,,,,
Thailand,THA,SEAR,152.31,353.29,266.6,201.84,353.29,266.6,86.69,FMLE,77,22,3,2,3,2,66785,36.42,18.47,13.96,-0.3,560,1.2
,,,,,,,,,,,,,,,,,,,,,,,
,,,,,,,,,,,,,,,,,,,,,,,
Thailand,THA,SEAR,152.31,353.29,266.6,201.84,353.29,266.6,86.69,BTSX,74,21,24,20,24,20,66785,36.42,18.47,13.96,-0.3,560,1.2
,,,,,,,,,,,,,,,,,,,,,,,
,,,,,,,,,,,,,,,,,,,,,,,
Thailand,THA,SEAR,152.31,353.29,266.6,201.84,353.29,266.6,86.69,MLE,71,19,45,39,45,38,66785,36.42,18.47,13.96,-0.3,560,1.2
,,,,,,,,,,,,,,,,,,,,,,,
,,,,,,,,,,,,,,,,,,,,,,,
Tajikistan,TJK,EUR,15.99,135.38,40.03,54.08,135.38,40.03,95.35,FMLE,69,17,NA,NA,NA,NA,8009,21.54,35.75,4.8,-2.5,1046,0.3
,,,,,,,,,,,,,,,,,,,,,,,
,,,,,,,,,,,,,,,,,,,,,,,
Tajikistan,TJK,EUR,15.99,135.38,40.03,54.08,135.38,40.03,95.35,BTSX,68,17,NA,NA,NA,NA,8009,21.54,35.75,4.8,-2.5,1046,0.3
,,,,,,,,,,,,,,,,,,,,,,,
,,,,,,,,,,,,,,,,,,,,,,,
Tajikistan,TJK,EUR,15.99,135.38,40.03,54.08,135.38,40.03,95.35,MLE,67,17,NA,NA,NA,NA,8009,21.54,35.75,4.8,-2.5,1046,0.3
,,,,,,,,,,,,,,,,,,,,,,,
,,,,,,,,,,,,,,,,,,,,,,,
Turkmenistan,TKM,EUR,78.43,251.05,152.54,129.07,251.05,152.54,98.51,BTSX,63,16,NA,NA,NA,NA,5173,25.26,28.65,6.3,-1.3,135,NA
,,,,,,,,,,,,,,,,,,,,,,,
,,,,,,,,,,,,,,,,,,,,,,,
Turkmenistan,TKM,EUR,78.43,251.05,152.54,129.07,251.05,152.54,98.51,FMLE,67,17,NA,NA,NA,NA,5173,25.26,28.65,6.3,-1.3,135,NA
,,,,,,,,,,,,,,,,,,,,,,,
,,,,,,,,,,,,,,,,,,,,,,,
Turkmenistan,TKM,EUR,78.43,251.05,152.54,129.07,251.05,152.54,98.51,MLE,60,15,NA,NA,NA,NA,5173,25.26,28.65,6.3,-1.3,135,NA
,,,,,,,,,,,,,,,,,,,,,,,
,,,,,,,,,,,,,,,,,,,,,,,
Timor-Leste,TLS,SEAR,33.11,82.06,58.67,46.31,82.06,58.67,23.39,MLE,63,15,NA,NA,NA,NA,1114,16.4,46.33,5.16,-1.6,NA,NA
,,,,,,,,,,,,,,,,,,,,,,,
,,,,,,,,,,,,,,,,,,,,,,,
Timor-Leste,TLS,SEAR,33.11,82.06,58.67,46.31,82.06,58.67,23.39,FMLE,65,17,NA,NA,NA,NA,1114,16.4,46.33,5.16,-1.6,NA,NA
,,,,,,,,,,,,,,,,,,,,,,,
,,,,,,,,,,,,,,,,,,,,,,,
Timor-Leste,TLS,SEAR,33.11,82.06,58.67,46.31,82.06,58.67,23.39,BTSX,64,16,NA,NA,NA,NA,1114,16.4,46.33,5.16,-1.6,NA,NA
,,,,,,,,,,,,,,,,,,,,,,,
,,,,,,,,,,,,,,,,,,,,,,,
Tonga,TON,WPR,183.18,245.37,205.05,219.2,245.37,205.05,40.32,MLE,73,18,44,38,44,38,105,21.28,37.33,7.96,0,48,NA
,,,,,,,,,,,,,,,,,,,,,,,
,,,,,,,,,,,,,,,,,,,,,,,
Tonga,TON,WPR,183.18,245.37,205.05,219.2,245.37,205.05,40.32,FMLE,70,19,13,8,13,8,105,21.28,37.33,7.96,0,48,NA
,,,,,,,,,,,,,,,,,,,,,,,
,,,,,,,,,,,,,,,,,,,,,,,
Tonga,TON,WPR,183.18,245.37,205.05,219.2,245.37,205.05,40.32,BTSX,72,19,28,23,28,23,105,21.28,37.33,7.96,0,48,NA
,,,,,,,,,,,,,,,,,,,,,,,
,,,,,,,,,,,,,,,,,,,,,,,
Trinidad and Tobago,TTO,AMR,505.76,1487.85,787.17,955.96,1487.85,787.17,700.68,MLE,66,16,27,26,25,23,1337,32.84,20.73,13.18,-0.3,1106,1.5
,,,,,,,,,,,,,,,,,,,,,,,
,,,,,,,,,,,,,,,,,,,,,,,
Trinidad and Tobago,TTO,AMR,505.76,1487.85,787.17,955.96,1487.85,787.17,700.68,FMLE,75,21,11,10,10,9,1337,32.84,20.73,13.18,-0.3,1106,1.5
,,,,,,,,,,,,,,,,,,,,,,,
,,,,,,,,,,,,,,,,,,,,,,,
Trinidad and Tobago,TTO,AMR,505.76,1487.85,787.17,955.96,1487.85,787.17,700.68,BTSX,71,18,19,18,18,16,1337,32.84,20.73,13.18,-0.3,1106,1.5
,,,,,,,,,,,,,,,,,,,,,,,
,,,,,,,,,,,,,,,,,,,,,,,
Tunisia,TUN,EMR,146.83,584.16,321.74,266.59,584.16,321.74,262.42,FMLE,78,21,5,5,4,4,10875,29.89,23.22,10.49,-1.1,1628,0
,,,,,,,,,,,,,,,,,,,,,,,
,,,,,,,,,,,,,,,,,,,,,,,
Tunisia,TUN,EMR,146.83,584.16,321.74,266.59,584.16,321.74,262.42,MLE,74,19,58,57,53,51,10875,29.89,23.22,10.49,-1.1,1628,0
,,,,,,,,,,,,,,,,,,,,,,,
,,,,,,,,,,,,,,,,,,,,,,,
Tunisia,TUN,EMR,146.83,584.16,321.74,266.59,584.16,321.74,262.42,BTSX,76,20,32,31,28,27,10875,29.89,23.22,10.49,-1.1,1628,0
,,,,,,,,,,,,,,,,,,,,,,,
,,,,,,,,,,,,,,,,,,,,,,,
Turkey,TUR,EUR,521.79,1160.52,869.75,696.23,1160.52,869.75,290.77,BTSX,76,20,31,27,30,27,73997,29.04,26,10.56,-1.3,1399,0
,,,,,,,,,,,,,,,,,,,,,,,
,,,,,,,,,,,,,,,,,,,,,,,
Turkey,TUR,EUR,521.79,1160.52,869.75,696.23,1160.52,869.75,290.77,MLE,73,18,47,43,46,42,73997,29.04,26,10.56,-1.3,1399,0
,,,,,,,,,,,,,,,,,,,,,,,
,,,,,,,,,,,,,,,,,,,,,,,
Turkey,TUR,EUR,521.79,1160.52,869.75,696.23,1160.52,869.75,290.77,FMLE,78,22,15,11,14,11,73997,29.04,26,10.56,-1.3,1399,0
,,,,,,,,,,,,,,,,,,,,,,,
,,,,,,,,,,,,,,,,,,,,,,,
Tuvalu,TUV,WPR,628.52,468.79,468.28,629.19,468.79,468.28,0.51,BTSX,64,15,35,31,35,31,10,NA,30.61,9.07,0,29,NA
,,,,,,,,,,,,,,,,,,,,,,,
,,,,,,,,,,,,,,,,,,,,,,,
Tuvalu,TUV,WPR,628.52,468.79,468.28,629.19,468.79,468.28,0.51,MLE,65,14,51,47,51,47,10,NA,30.61,9.07,0,29,NA
,,,,,,,,,,,,,,,,,,,,,,,
,,,,,,,,,,,,,,,,,,,,,,,
Tuvalu,TUV,WPR,628.52,468.79,468.28,629.19,468.79,468.28,0.51,FMLE,64,15,20,16,20,16,10,NA,30.61,9.07,0,29,NA
,,,,,,,,,,,,,,,,,,,,,,,
,,,,,,,,,,,,,,,,,,,,,,,
Tanzania,TZA,AFR,14.75,107.41,42.45,37.33,107.41,42.45,64.96,MLE,58,17,21,17,17,13,47783,17.49,44.85,4.89,-3,132,5.8
,,,,,,,,,,,,,,,,,,,,,,,
,,,,,,,,,,,,,,,,,,,,,,,
Tanzania,TZA,AFR,14.75,107.41,42.45,37.33,107.41,42.45,64.96,BTSX,59,17,12,10,9,7,47783,17.49,44.85,4.89,-3,132,5.8
,,,,,,,,,,,,,,,,,,,,,,,
,,,,,,,,,,,,,,,,,,,,,,,
Tanzania,TZA,AFR,14.75,107.41,42.45,37.33,107.41,42.45,64.96,FMLE,61,18,3,2,1,0,47783,17.49,44.85,4.89,-3,132,5.8
,,,,,,,,,,,,,,,,,,,,,,,
,,,,,,,,,,,,,,,,,,,,,,,
Uganda,UGA,AFR,11.15,127.98,33.66,42.4,127.98,33.66,94.32,MLE,54,16,16,12,15,11,36346,15.68,48.54,3.72,-3.4,24,7.2
,,,,,,,,,,,,,,,,,,,,,,,
,,,,,,,,,,,,,,,,,,,,,,,
Uganda,UGA,AFR,11.15,127.98,33.66,42.4,127.98,33.66,94.32,FMLE,57,17,3,2,1,0,36346,15.68,48.54,3.72,-3.4,24,7.2
,,,,,,,,,,,,,,,,,,,,,,,
,,,,,,,,,,,,,,,,,,,,,,,
Uganda,UGA,AFR,11.15,127.98,33.66,42.4,127.98,33.66,94.32,BTSX,56,17,10,7,8,6,36346,15.68,48.54,3.72,-3.4,24,7.2
,,,,,,,,,,,,,,,,,,,,,,,
,,,,,,,,,,,,,,,,,,,,,,,
Ukraine,UKR,EUR,135.98,527.52,272.71,263.04,527.52,272.71,254.81,MLE,65,15,50,46,50,46,45530,39.62,14.18,20.76,0.6,2401,0.8
,,,,,,,,,,,,,,,,,,,,,,,
,,,,,,,,,,,,,,,,,,,,,,,
Ukraine,UKR,EUR,135.98,527.52,272.71,263.04,527.52,272.71,254.81,FMLE,76,20,13,10,13,10,45530,39.62,14.18,20.76,0.6,2401,0.8
,,,,,,,,,,,,,,,,,,,,,,,
,,,,,,,,,,,,,,,,,,,,,,,
Ukraine,UKR,EUR,135.98,527.52,272.71,263.04,527.52,272.71,254.81,BTSX,71,18,32,28,32,28,45530,39.62,14.18,20.76,0.6,2401,0.8
,,,,,,,,,,,,,,,,,,,,,,,
,,,,,,,,,,,,,,,,,,,,,,,
Uruguay,URY,AMR,746.96,1209.72,817.8,1104.93,1209.72,817.8,391.92,MLE,73,19,31,25,31,25,3395,34.16,22.05,18.59,-0.4,770,0.6
,,,,,,,,,,,,,,,,,,,,,,,
,,,,,,,,,,,,,,,,,,,,,,,
Uruguay,URY,AMR,746.96,1209.72,817.8,1104.93,1209.72,817.8,391.92,BTSX,77,21,27,22,26,21,3395,34.16,22.05,18.59,-0.4,770,0.6
,,,,,,,,,,,,,,,,,,,,,,,
,,,,,,,,,,,,,,,,,,,,,,,
Uruguay,URY,AMR,746.96,1209.72,817.8,1104.93,1209.72,817.8,391.92,FMLE,80,24,22,18,22,18,3395,34.16,22.05,18.59,-0.4,770,0.6
,,,,,,,,,,,,,,,,,,,,,,,
,,,,,,,,,,,,,,,,,,,,,,,
United States,USA,AMR,3954.19,8607.88,3954.19,8607.88,8607.88,3954.19,4653.69,FMLE,81,24,25,15,24,15,318000,37.3,19.63,19.31,-0.9,1028,0.7
,,,,,,,,,,,,,,,,,,,,,,,
,,,,,,,,,,,,,,,,,,,,,,,
United States,USA,AMR,3954.19,8607.88,3954.19,8607.88,8607.88,3954.19,4653.69,MLE,76,21,33,17,28,16,318000,37.3,19.63,19.31,-0.9,1028,0.7
,,,,,,,,,,,,,,,,,,,,,,,
,,,,,,,,,,,,,,,,,,,,,,,
United States,USA,AMR,3954.19,8607.88,3954.19,8607.88,8607.88,3954.19,4653.69,BTSX,79,23,29,16,26,15,318000,37.3,19.63,19.31,-0.9,1028,0.7
,,,,,,,,,,,,,,,,,,,,,,,
,,,,,,,,,,,,,,,,,,,,,,,
Uzbekistan,UZB,EUR,45.43,189.46,97.36,88.4,189.46,97.36,92.1,FMLE,71,18,3,2,3,2,28541,24.88,28.9,6.38,-1.4,449,0.1
,,,,,,,,,,,,,,,,,,,,,,,
,,,,,,,,,,,,,,,,,,,,,,,
Uzbekistan,UZB,EUR,45.43,189.46,97.36,88.4,189.46,97.36,92.1,MLE,66,16,22,18,22,18,28541,24.88,28.9,6.38,-1.4,449,0.1
,,,,,,,,,,,,,,,,,,,,,,,
,,,,,,,,,,,,,,,,,,,,,,,
Uzbekistan,UZB,EUR,45.43,189.46,97.36,88.4,189.46,97.36,92.1,BTSX,68,17,13,10,13,10,28541,24.88,28.9,6.38,-1.4,449,0.1
,,,,,,,,,,,,,,,,,,,,,,,
,,,,,,,,,,,,,,,,,,,,,,,
Saint Vincent and the Grenadines,VCT,AMR,253.38,532.77,435.47,310,532.77,435.47,97.3,BTSX,74,21,12,11,12,11,109,28.64,25.7,9.92,0,351,NA
,,,,,,,,,,,,,,,,,,,,,,,
,,,,,,,,,,,,,,,,,,,,,,,
Saint Vincent and the Grenadines,VCT,AMR,253.38,532.77,435.47,310,532.77,435.47,97.3,FMLE,76,22,6,5,6,5,109,28.64,25.7,9.92,0,351,NA
,,,,,,,,,,,,,,,,,,,,,,,
,,,,,,,,,,,,,,,,,,,,,,,
Saint Vincent and the Grenadines,VCT,AMR,253.38,532.77,435.47,310,532.77,435.47,97.3,MLE,71,19,18,17,18,17,109,28.64,25.7,9.92,0,351,NA
,,,,,,,,,,,,,,,,,,,,,,,
,,,,,,,,,,,,,,,,,,,,,,,
Venezuela,VEN,AMR,203.7,659.16,241.89,555.09,659.16,241.89,417.27,BTSX,75,23,NA,NA,NA,NA,29955,26.73,28.84,9.17,-1.5,496,0.6
,,,,,,,,,,,,,,,,,,,,,,,
,,,,,,,,,,,,,,,,,,,,,,,
Venezuela,VEN,AMR,203.7,659.16,241.89,555.09,659.16,241.89,417.27,FMLE,79,24,NA,NA,NA,NA,29955,26.73,28.84,9.17,-1.5,496,0.6
,,,,,,,,,,,,,,,,,,,,,,,
,,,,,,,,,,,,,,,,,,,,,,,
Venezuela,VEN,AMR,203.7,659.16,241.89,555.09,659.16,241.89,417.27,MLE,72,21,NA,NA,NA,NA,29955,26.73,28.84,9.17,-1.5,496,0.6
,,,,,,,,,,,,,,,,,,,,,,,
,,,,,,,,,,,,,,,,,,,,,,,
Viet Nam,VNM,WPR,38.25,231.43,93.39,94.81,231.43,93.39,138.04,FMLE,77,22,2,1,1,1,90796,29.41,22.87,9.32,-1,1001,0.5
,,,,,,,,,,,,,,,,,,,,,,,
,,,,,,,,,,,,,,,,,,,,,,,
Viet Nam,VNM,WPR,38.25,231.43,93.39,94.81,231.43,93.39,138.04,MLE,73,20,48,40,40,31,90796,29.41,22.87,9.32,-1,1001,0.5
,,,,,,,,,,,,,,,,,,,,,,,
,,,,,,,,,,,,,,,,,,,,,,,
Viet Nam,VNM,WPR,38.25,231.43,93.39,94.81,231.43,93.39,138.04,BTSX,75,21,25,20,21,16,90796,29.41,22.87,9.32,-1,1001,0.5
,,,,,,,,,,,,,,,,,,,,,,,
,,,,,,,,,,,,,,,,,,,,,,,
Vanuatu,VUT,WPR,117.39,190.66,167.56,133.57,190.66,167.56,23.1,MLE,71,17,43,20,42,19,247,21.56,37.37,6.02,-2,43,NA
,,,,,,,,,,,,,,,,,,,,,,,
,,,,,,,,,,,,,,,,,,,,,,,
Vanuatu,VUT,WPR,117.39,190.66,167.56,133.57,190.66,167.56,23.1,BTSX,72,18,25,11,24,11,247,21.56,37.37,6.02,-2,43,NA
,,,,,,,,,,,,,,,,,,,,,,,
,,,,,,,,,,,,,,,,,,,,,,,
Vanuatu,VUT,WPR,117.39,190.66,167.56,133.57,190.66,167.56,23.1,FMLE,74,19,8,2,6,2,247,21.56,37.37,6.02,-2,43,NA
,,,,,,,,,,,,,,,,,,,,,,,
,,,,,,,,,,,,,,,,,,,,,,,
Samoa,WSM,WPR,220.88,321.32,285.82,248.31,321.32,285.82,35.5,BTSX,73,19,41,NA,41,NA,189,20.95,37.88,7.39,-1.1,34,NA
,,,,,,,,,,,,,,,,,,,,,,,
,,,,,,,,,,,,,,,,,,,,,,,
Samoa,WSM,WPR,220.88,321.32,285.82,248.31,321.32,285.82,35.5,MLE,70,16,58,NA,58,NA,189,20.95,37.88,7.39,-1.1,34,NA
,,,,,,,,,,,,,,,,,,,,,,,
,,,,,,,,,,,,,,,,,,,,,,,
Samoa,WSM,WPR,220.88,321.32,285.82,248.31,321.32,285.82,35.5,FMLE,76,21,23,NA,23,NA,189,20.95,37.88,7.39,-1.1,34,NA
,,,,,,,,,,,,,,,,,,,,,,,
,,,,,,,,,,,,,,,,,,,,,,,
Yemen,YEM,EMR,18.45,152.48,31.85,88.35,152.48,31.85,120.63,FMLE,66,17,11,10,10,10,23852,18.78,40.72,4.54,-2.3,402,0.2
,,,,,,,,,,,,,,,,,,,,,,,
,,,,,,,,,,,,,,,,,,,,,,,
Yemen,YEM,EMR,18.45,152.48,31.85,88.35,152.48,31.85,120.63,MLE,63,16,35,32,30,26,23852,18.78,40.72,4.54,-2.3,402,0.2
,,,,,,,,,,,,,,,,,,,,,,,
,,,,,,,,,,,,,,,,,,,,,,,
Yemen,YEM,EMR,18.45,152.48,31.85,88.35,152.48,31.85,120.63,BTSX,64,17,23,21,20,18,23852,18.78,40.72,4.54,-2.3,402,0.2
,,,,,,,,,,,,,,,,,,,,,,,
,,,,,,,,,,,,,,,,,,,,,,,
South Africa,ZAF,AFR,328.76,942.5,449.54,689.27,942.5,449.54,492.96,BTSX,58,17,16,13,14,11,52386,25.7,29.53,8.44,-0.8,459,17.3
,,,,,,,,,,,,,,,,,,,,,,,
,,,,,,,,,,,,,,,,,,,,,,,
South Africa,ZAF,AFR,328.76,942.5,449.54,689.27,942.5,449.54,492.96,FMLE,60,18,8,7,7,5,52386,25.7,29.53,8.44,-0.8,459,17.3
,,,,,,,,,,,,,,,,,,,,,,,
,,,,,,,,,,,,,,,,,,,,,,,
South Africa,ZAF,AFR,328.76,942.5,449.54,689.27,942.5,449.54,492.96,MLE,57,15,24,19,21,17,52386,25.7,29.53,8.44,-0.8,459,17.3
,,,,,,,,,,,,,,,,,,,,,,,
,,,,,,,,,,,,,,,,,,,,,,,
Zambia,ZMB,AFR,52.15,99.32,59.38,87.22,99.32,59.38,39.94,BTSX,55,16,14,11,12,9,14075,16.54,46.73,3.95,-3.2,74,12.5
,,,,,,,,,,,,,,,,,,,,,,,
,,,,,,,,,,,,,,,,,,,,,,,
Zambia,ZMB,AFR,52.15,99.32,59.38,87.22,99.32,59.38,39.94,FMLE,56,17,4,3,2,1,14075,16.54,46.73,3.95,-3.2,74,12.5
,,,,,,,,,,,,,,,,,,,,,,,
,,,,,,,,,,,,,,,,,,,,,,,
Zambia,ZMB,AFR,52.15,99.32,59.38,87.22,99.32,59.38,39.94,MLE,54,16,24,19,22,17,14075,16.54,46.73,3.95,-3.2,74,12.5
,,,,,,,,,,,,,,,,,,,,,,,
,,,,,,,,,,,,,,,,,,,,,,,
Zimbabwe,ZWE,AFR,NA,NA,NA,NA,NA,NA,NA,BTSX,54,18,17,14,13,10,13724,19.18,40.24,5.68,-2.7,189,14.9
,,,,,,,,,,,,,,,,,,,,,,,
,,,,,,,,,,,,,,,,,,,,,,,
Zimbabwe,ZWE,AFR,NA,NA,NA,NA,NA,NA,NA,MLE,53,17,30,24,25,19,13724,19.18,40.24,5.68,-2.7,189,14.9
,,,,,,,,,,,,,,,,,,,,,,,
,,,,,,,,,,,,,,,,,,,,,,,
Zimbabwe,ZWE,AFR,NA,NA,NA,NA,NA,NA,NA,FMLE,55,19,4,3,2,1,13724,19.18,40.24,5.68,-2.7,189,14.9
